Tiempo_s,Canal_1,Canal_2,Canal_3,Canal_4,Canal_5,Canal_6,Canal_7,Canal_8,Canal_9,Canal_10,Canal_11,Canal_12,Canal_13,Canal_14,Canal_15,Canal_16,Canal_17
0.0,393691.5625,750000.0625,-49639.29296875,-405618.75,-256194.28125,641602.375,177997.765625,-679616.6875,-0.15185546875,0.998291015625,-0.105712890625,0.0,0.0,0.0,53.333335876464844,1.0,1.0
0.004,469545.875,358875.5,22623.900390625,188955.9375,-398760.0625,557945.625,-27564.9765625,-750000.125,-0.14599609375,1.01953125,-0.1220703125,0.0,0.0,0.0,53.333335876464844,2.0,1.0
0.008,699335.875,231705.890625,324072.15625,301792.46875,-506322.8125,502417.71875,43638.4765625,-750000.125,-0.1416015625,1.036376953125,-0.132568359375,0.0,0.0,0.0,53.333335876464844,3.0,1.0
0.012,695055.5,72480.09375,592853.25,518285.3125,-270903.0625,142645.703125,479605.875,-750000.125,-0.13720703125,1.044677734375,-0.139404296875,0.0,0.0,0.0,53.333335876464844,4.0,1.0
0.016,706476.4375,222216.5,750000.0625,708486.25,314661.09375,-19394.341796875,447362.5,116004.0390625,-0.13427734375,1.046630859375,-0.13916015625,0.0,0.0,0.0,53.333335876464844,5.0,1.0
0.02,750000.0625,750000.0625,750000.0625,750000.0625,621968.8125,750000.0625,305865.5,750000.0625,-0.13134765625,1.05029296875,-0.143310546875,4.089354991912842,-6.958007335662842,3.448486089706421,53.333335876464844,6.0,1.0
0.024,750000.0625,750000.0625,750000.0625,750000.0625,700529.5625,750000.0625,750000.0625,750000.0625,-0.129638671875,1.052001953125,-0.149169921875,37.597652435302734,-16.052244186401367,-4.913329601287842,53.333335876464844,7.0,1.0
0.028,750000.0625,750000.0625,750000.0625,750000.0625,750000.0625,750000.0625,750000.0625,750000.0625,-0.130615234375,1.052001953125,-0.150634765625,43.487545013427734,-17.425535202026367,-6.988524913787842,53.333335876464844,8.0,1.0
0.032,750000.0625,750000.0625,750000.0625,750000.0625,750000.0625,750000.0625,750000.0625,750000.0625,-0.133544921875,1.05810546875,-0.1533203125,48.736568450927734,-18.585203170776367,-9.094237327575684,53.333335876464844,9.0,1.0
0.036,750000.0625,750000.0625,750000.0625,750000.0625,750000.0625,750000.0625,750000.0625,750000.0625,-0.13720703125,1.060546875,-0.15869140625,49.102779388427734,-19.104001998901367,-9.796141624450684,53.333335876464844,10.0,1.0
0.04,750000.0625,750000.0625,750000.0625,750000.0625,750000.0625,705877.125,750000.0625,750000.0625,-0.140625,1.06201171875,-0.157958984375,47.576900482177734,-19.348142623901367,-9.979247093200684,53.333335876464844,11.0,1.0
0.044,750000.0625,655901.6875,750000.0625,750000.0625,750000.0625,577689.4375,750000.0625,750000.0625,-0.143798828125,1.055908203125,-0.15869140625,45.288082122802734,-19.561765670776367,-10.131834983825684,53.333335876464844,12.0,1.0
0.048,750000.0625,564229.875,750000.0625,750000.0625,750000.0625,483401.1875,716410.4375,750000.0625,-0.14453125,1.048095703125,-0.156494140625,43.090816497802734,-19.622800827026367,-10.162352561950684,53.333335876464844,13.0,1.0
0.052,688597.75,491111.65625,715900.3125,750000.0625,709606.125,410314.84375,607731.0625,664395.875,-0.143798828125,1.03466796875,-0.154052734375,40.740962982177734,-19.683835983276367,-10.009764671325684,53.333335876464844,14.0,1.0
0.056,588900.875,430278.6875,612295.3125,750000.0625,606912.375,350881.8125,519880.0625,568081.0625,-0.145751953125,1.017822265625,-0.1572265625,38.604732513427734,-19.744871139526367,-9.948729515075684,53.333335876464844,15.0,1.0
0.06,506059.53125,377717.9375,526178.125,750000.0625,521515.65625,301660.0625,446683.90625,487991.1875,-0.147705078125,0.9990234375,-0.15966796875,36.621089935302734,-19.866941452026367,-9.948729515075684,53.333335876464844,16.0,1.0
0.064,438663.90625,333672.40625,456106.78125,750000.0625,452050.5625,261688.0625,387259.71875,423036.8125,-0.15087890625,0.978515625,-0.1650390625,35.064693450927734,-20.019529342651367,-9.918211936950684,53.333335876464844,17.0,1.0
0.068,401971.90625,311048.78125,417998.03125,750000.0625,414235.96875,239896.8125,354922.125,387542.4375,-0.1572265625,0.955810546875,-0.17236328125,33.874507904052734,-20.141599655151367,-10.070799827575684,53.333335876464844,18.0,1.0
0.072,387787.9375,304861.1875,403246.21875,750000.0625,399621.03125,231391.53125,342471.21875,373892.84375,-0.16748046875,0.932861328125,-0.18359375,32.989498138427734,-20.172117233276367,-10.101317405700684,53.333335876464844,19.0,1.0
0.076,376420.1875,300130.03125,391442.71875,750000.0625,387908.8125,224645.328125,332295.96875,362906.59375,-0.175048828125,0.916015625,-0.192138671875,32.928462982177734,-20.355222702026367,-10.284422874450684,53.333335876464844,20.0,1.0
0.08,365876.71875,295442.78125,380443.0625,750000.0625,377053.65625,218396.765625,323035.375,352671.46875,-0.181884765625,0.905517578125,-0.2001953125,33.020015716552734,-20.385740280151367,-10.620116233825684,53.333335876464844,21.0,1.0
0.084,356157.625,290991.03125,370285.8125,750000.0625,367024.5,212491.15625,314567.8125,343339.71875,-0.185546875,0.906494140625,-0.20703125,33.599849700927734,-20.690916061401367,-11.138915061950684,53.333335876464844,22.0,1.0
0.088,347333.875,286951.625,361092.0,750000.0625,357924.21875,207153.828125,306769.5625,334915.5,-0.185302734375,0.92138671875,-0.214599609375,34.332271575927734,-21.026609420776367,-11.535643577575684,53.333335876464844,23.0,1.0
0.092,339216.53125,283059.03125,352632.9375,750000.0625,349545.53125,202319.0625,299521.625,327054.40625,-0.180419921875,0.946533203125,-0.216796875,34.912105560302734,-21.240232467651367,-11.901854515075684,53.333335876464844,24.0,1.0
0.096,331692.21875,279230.625,344790.59375,750000.0625,341783.75,197862.03125,292797.21875,319727.5,-0.17578125,0.976318359375,-0.211669921875,34.790035247802734,-21.606443405151367,-11.993407249450684,53.333335876464844,25.0,1.0
0.1,324590.34375,275568.21875,337376.34375,750000.0625,334493.15625,193604.5625,286589.0625,312928.09375,-0.169921875,1.00244140625,-0.199951171875,34.149166107177734,-21.789548873901367,-11.901854515075684,53.333335876464844,26.0,1.0
0.104,318047.46875,272229.34375,330548.4375,750000.0625,327744.0,189663.765625,280840.125,306622.125,-0.160400390625,1.0244140625,-0.18603515625,33.020015716552734,-21.789548873901367,-11.688231468200684,53.333335876464844,27.0,1.0
0.108,312062.8125,269158.46875,324315.0625,750000.0625,321592.96875,186177.34375,275542.84375,300894.1875,-0.15283203125,1.043701171875,-0.180419921875,31.280515670776367,-21.636960983276367,-11.230467796325684,53.333335876464844,28.0,1.0
0.112,306492.3125,266147.875,318515.875,750000.0625,315847.34375,182765.84375,270547.125,295515.375,-0.143310546875,1.05322265625,-0.179931640625,29.083250045776367,-21.270750045776367,-10.650633811950684,53.333335876464844,29.0,1.0
0.116,301130.125,263170.71875,312907.53125,750000.0625,310320.28125,179525.109375,265904.0625,290308.59375,-0.1357421875,1.057861328125,-0.185791015625,26.885984420776367,-20.721433639526367,-10.040282249450684,53.333335876464844,30.0,1.0
0.12,296174.9375,260424.03125,307741.15625,750000.0625,305197.34375,176508.6875,261511.21875,285583.15625,-0.132080078125,1.054931640625,-0.188232421875,24.780271530151367,-20.080564498901367,-9.216307640075684,53.333335876464844,31.0,1.0
0.124,291610.625,257913.296875,302997.21875,750000.0625,300509.125,173847.234375,257377.671875,281157.34375,-0.13037109375,1.050537109375,-0.19140625,22.888181686401367,-19.439695358276367,-8.514403343200684,53.333335876464844,32.0,1.0
0.128,287273.5,255425.28125,298479.125,750000.0625,296052.09375,171296.453125,253583.328125,276891.71875,-0.129150390625,1.041259765625,-0.197265625,21.362302780151367,-18.615720748901367,-7.781981945037842,53.333335876464844,33.0,1.0
0.132,283214.84375,252979.296875,294250.71875,750000.0625,291869.625,168879.234375,250006.0625,273042.3125,-0.12890625,1.031005859375,-0.2001953125,20.080564498901367,-17.791746139526367,-7.202147960662842,53.333335876464844,34.0,1.0
0.136,279350.96875,250728.375,290220.6875,750000.0625,287906.40625,166562.171875,246642.84375,269371.0625,-0.13037109375,1.02685546875,-0.1953125,18.981931686401367,-16.967771530151367,-6.805419445037842,53.333335876464844,35.0,1.0
0.14,275755.0,248659.953125,286475.09375,750000.0625,284199.84375,164396.734375,243485.515625,265978.34375,-0.1337890625,1.020751953125,-0.194580078125,17.181394577026367,-15.747069358825684,-6.195067882537842,53.333335876464844,36.0,1.0
0.144,272447.3125,246627.46875,283031.125,750000.0625,280777.625,162487.0,240516.40625,262645.875,-0.1357421875,1.02099609375,-0.19580078125,16.021726608276367,-14.739989280700684,-5.950927257537842,53.333335876464844,37.0,1.0
0.148,269271.84375,244593.09375,279725.21875,750000.0625,277507.03125,160594.4375,237705.8125,259611.046875,-0.13818359375,1.019287109375,-0.196044921875,14.953612327575684,-13.885497093200684,-5.798339366912842,53.333335876464844,38.0,1.0
0.152,266265.09375,242698.203125,276597.5,750000.0625,274421.9375,158774.734375,235053.546875,256757.0,-0.137939453125,1.017578125,-0.197509765625,13.854979515075684,-13.153075218200684,-5.645751476287842,53.333335876464844,39.0,1.0
0.156,263417.8125,241004.65625,273627.84375,750000.0625,271482.875,157040.765625,232511.703125,253933.171875,-0.1416015625,1.012939453125,-0.1953125,12.756346702575684,-12.359618186950684,-5.432128429412842,53.333335876464844,40.0,1.0
0.16,260747.859375,239356.796875,270843.0625,750000.0625,268731.46875,155437.53125,230158.15625,251408.5,-0.141357421875,1.004638671875,-0.195068359375,11.749266624450684,-11.535643577575684,-5.340575695037842,53.333335876464844,41.0,1.0
0.164,258167.84375,237627.84375,268142.34375,750000.0625,266060.4375,153837.5,227957.3125,248912.875,-0.142578125,0.9970703125,-0.19677734375,10.925292015075684,-10.803221702575684,-5.279540538787842,53.333335876464844,42.0,1.0
0.168,255792.921875,236019.953125,265677.84375,750000.0625,263621.5,152504.078125,225817.1875,246643.546875,-0.14453125,0.994384765625,-0.19775390625,10.284422874450684,-10.101317405700684,-5.187987804412842,53.333335876464844,43.0,1.0
0.172,253525.65625,234617.6875,263310.0,750000.0625,261292.890625,151181.21875,223840.65625,244403.1875,-0.152099609375,0.993896484375,-0.203125,9.613036155700684,-9.521483421325684,-5.126952648162842,53.333335876464844,44.0,1.0
0.176,251389.015625,233237.15625,261087.515625,750000.0625,259091.875,149887.765625,221948.71875,242381.703125,-0.155517578125,0.99462890625,-0.203125,9.185790061950684,-8.880614280700684,-5.065917491912842,53.333335876464844,45.0,1.0
0.18,249358.21875,231797.703125,258976.4375,750000.0625,257003.953125,148704.90625,220115.78125,240423.25,-0.159912109375,0.9931640625,-0.200927734375,8.697508811950684,-8.392333030700684,-5.126952648162842,53.333335876464844,46.0,1.0
0.184,247415.5,230456.515625,256943.953125,750000.0625,254997.296875,147526.796875,218416.25,238526.828125,-0.162841796875,0.984619140625,-0.19775390625,8.178709983825684,-7.965087413787842,-5.004882335662842,53.333335876464844,47.0,1.0
0.188,245564.859375,229281.515625,255007.125,750000.0625,253091.3125,146441.3125,216806.75,236707.84375,-0.16796875,0.9794921875,-0.195068359375,7.659911632537842,-7.568358898162842,-4.943847179412842,53.333335876464844,48.0,1.0
0.192,243816.78125,228143.640625,253188.859375,750000.0625,251287.171875,145376.109375,215256.34375,235032.890625,-0.1708984375,0.979248046875,-0.19677734375,7.171630382537842,-7.202147960662842,-4.882812023162842,53.333335876464844,49.0,1.0
0.196,242164.0,226938.25,251470.90625,750000.0625,249576.640625,144399.34375,213786.21875,233457.546875,-0.17578125,0.983642578125,-0.201416015625,6.683349132537842,-6.988524913787842,-5.004882335662842,53.333335876464844,50.0,1.0
0.2,240604.828125,225795.90625,249847.71875,750000.0625,247969.546875,143437.765625,212408.453125,231992.875,-0.17822265625,0.98779296875,-0.205322265625,6.225585460662842,-6.713866710662842,-4.852294445037842,53.333335876464844,51.0,1.0
0.204,239154.734375,224823.953125,248344.703125,750000.0625,246478.859375,142618.359375,211077.640625,230573.09375,-0.175537109375,0.98828125,-0.203857421875,5.859374523162842,-6.591796398162842,-4.699706554412842,53.333335876464844,52.0,1.0
0.208,237708.484375,223923.28125,246827.734375,750000.0625,244996.765625,141762.375,209832.640625,229109.421875,-0.1787109375,0.985107421875,-0.200439453125,5.096435070037842,-6.378173351287842,-4.394530773162842,53.333335876464844,53.0,1.0
0.212,236312.84375,222933.453125,245362.796875,750000.0625,243553.296875,140864.71875,208657.03125,227840.734375,-0.184326171875,0.98046875,-0.198486328125,4.425048351287842,-6.286620616912842,-4.119872570037842,53.333335876464844,54.0,1.0
0.216,235000.4375,221950.953125,243996.578125,750000.0625,242205.21875,140103.328125,207525.578125,226594.125,-0.189453125,0.979736328125,-0.197021484375,4.028319835662842,-6.256103038787842,-4.089354991912842,53.333335876464844,55.0,1.0
0.22,233808.90625,221135.828125,242762.578125,750000.0625,240983.015625,139413.296875,206433.484375,225479.84375,-0.197265625,0.9765625,-0.20263671875,3.326415777206421,-6.256103038787842,-3.936767339706421,53.333335876464844,56.0,1.0
0.224,232694.640625,220415.75,241603.234375,750000.0625,239830.46875,138763.5625,205414.859375,224316.21875,-0.2021484375,0.978515625,-0.2060546875,2.655029058456421,-6.408690929412842,-3.784179449081421,53.333335876464844,57.0,1.0
0.228,231611.296875,219608.9375,240475.546875,750000.0625,238708.234375,138135.75,204429.0625,223249.5,-0.20703125,0.98291015625,-0.20556640625,2.014159917831421,-6.469726085662842,-3.540038824081421,53.333335876464844,58.0,1.0
0.232,230552.625,218803.296875,239369.84375,750000.0625,237628.375,137557.734375,203490.296875,222201.65625,-0.205078125,0.996337890625,-0.20556640625,0.9460448622703552,-6.805419445037842,-3.143310308456421,53.333335876464844,59.0,1.0
0.236,229445.859375,218071.046875,238198.34375,750000.0625,236498.28125,136773.453125,202625.09375,221240.171875,-0.20751953125,1.01025390625,-0.204345703125,-0.1220703050494194,-7.019042491912842,-2.777099370956421,53.333335876464844,60.0,1.0
0.24,228480.078125,217451.90625,237187.96875,750000.0625,235485.828125,136209.390625,201759.546875,220320.171875,-0.207275390625,1.0234375,-0.201416015625,-1.2512205839157104,-7.263183116912842,-2.380370855331421,53.333335876464844,61.0,1.0
0.244,227637.15625,216817.46875,236316.59375,750000.0625,234606.609375,135739.375,200960.25,219456.5,-0.202392578125,1.037109375,-0.2021484375,-2.624511480331421,-7.446288585662842,-1.8920897245407104,53.333335876464844,62.0,1.0
0.248,226848.671875,216161.671875,235507.375,750000.0625,233804.359375,135221.625,200199.046875,218710.75,-0.199462890625,1.048095703125,-0.19775390625,-4.241942882537842,-7.781981945037842,-1.1596678495407104,53.333335876464844,63.0,1.0
0.252,225912.671875,215508.46875,234515.40625,750000.0625,232851.453125,134729.34375,199447.75,217731.578125,-0.194091796875,1.054443359375,-0.19091796875,-6.072997570037842,-7.904052257537842,-0.3356933295726776,53.333335876464844,64.0,1.0
0.256,225104.25,214996.703125,233667.46875,750000.0625,232010.3125,134230.640625,198767.015625,217004.6875,-0.189453125,1.05908203125,-0.186767578125,-8.056639671325684,-8.117674827575684,0.5187987685203552,53.333335876464844,65.0,1.0
0.26,224395.609375,214485.390625,232934.875,750000.0625,231281.921875,133794.6875,198132.484375,216340.125,-0.1845703125,1.057861328125,-0.181884765625,-10.131834983825684,-8.209227561950684,1.3732908964157104,53.333335876464844,66.0,1.0
0.264,223682.234375,213900.296875,232193.78125,750000.0625,230553.78125,133424.09375,197474.90625,215651.421875,-0.1826171875,1.05419921875,-0.1826171875,-12.145995140075684,-8.209227561950684,2.105712652206421,53.333335876464844,67.0,1.0
0.268,223004.171875,213381.03125,231482.1875,750000.0625,229842.015625,133009.0625,196862.109375,214955.03125,-0.180419921875,1.047607421875,-0.182373046875,-14.068602561950684,-8.178709983825684,2.838134527206421,53.333335876464844,68.0,1.0
0.272,222315.203125,212960.09375,230756.296875,750000.0625,229125.859375,132507.234375,196222.21875,214183.640625,-0.175048828125,1.037109375,-0.179931640625,-15.747069358825684,-8.117674827575684,3.509521245956421,53.333335876464844,69.0,1.0
0.276,221641.875,212539.53125,230052.390625,750000.0625,228430.90625,132060.453125,195664.234375,213650.671875,-0.169189453125,1.021728515625,-0.17919921875,-17.242429733276367,-7.812499523162842,4.089354991912842,53.333335876464844,70.0,1.0
0.28,221064.484375,212052.4375,229452.375,750000.0625,227834.109375,131775.515625,195158.359375,213081.515625,-0.16748046875,1.005615234375,-0.177001953125,-18.493650436401367,-7.568358898162842,4.394530773162842,53.333335876464844,71.0,1.0
0.284,220518.65625,211600.75,228883.125,750000.0625,227269.953125,131492.015625,194666.8125,212500.453125,-0.167236328125,0.99267578125,-0.176513671875,-19.134519577026367,-7.141112804412842,4.730224132537842,53.333335876464844,72.0,1.0
0.288,219989.8125,211240.984375,228336.40625,750000.0625,226724.578125,131193.484375,194170.15625,211973.046875,-0.166015625,0.983642578125,-0.1767578125,-19.226072311401367,-6.988524913787842,4.699706554412842,53.333335876464844,73.0,1.0
0.292,219492.359375,210912.5,227818.46875,750000.0625,226223.265625,130888.3359375,193701.5625,211542.375,-0.166259765625,0.97705078125,-0.17333984375,-19.256589889526367,-6.652831554412842,4.608153820037842,53.333335876464844,74.0,1.0
0.296,218922.734375,210493.625,227209.609375,750000.0625,225631.75,130410.1875,193292.078125,211005.3125,-0.16455078125,0.97119140625,-0.16796875,-18.951414108276367,-6.225585460662842,4.425048351287842,53.333335876464844,75.0,1.0
0.3,218418.390625,210063.40625,226682.46875,750000.0625,225109.25,130193.8203125,192867.21875,210448.203125,-0.162353515625,0.968505859375,-0.165771484375,-18.615720748901367,-5.889892101287842,4.089354991912842,53.333335876464844,76.0,1.0
0.304,217985.75,209794.640625,226232.296875,750000.0625,224664.8125,129974.1484375,192447.1875,210068.046875,-0.1611328125,0.967041015625,-0.156982421875,-18.218992233276367,-5.523681163787842,3.631591558456421,53.333335876464844,77.0,1.0
0.308,217539.96875,209533.484375,225766.578125,750000.0625,224210.53125,129693.140625,192055.234375,209665.546875,-0.15625,0.966552734375,-0.153076171875,-17.944334030151367,-5.004882335662842,3.173827886581421,53.333335876464844,78.0,1.0
0.312,217151.5,209194.71875,225365.140625,750000.0625,223810.078125,129514.4140625,191714.3125,209255.15625,-0.14990234375,0.966552734375,-0.15185546875,-17.883298873901367,-4.394530773162842,2.563476324081421,53.333335876464844,79.0,1.0
0.316,216775.546875,208901.734375,224972.203125,748991.4375,223438.234375,129318.171875,191361.25,208923.203125,-0.1376953125,0.9658203125,-0.15478515625,-17.425535202026367,-3.509521245956421,1.7395018339157104,53.333335876464844,80.0,1.0
0.32,216412.640625,208716.84375,224591.140625,747687.25,223059.328125,129027.5078125,191038.046875,208599.546875,-0.11962890625,0.965576171875,-0.15576171875,-16.967771530151367,-2.410888433456421,0.9460448622703552,53.333335876464844,81.0,1.0
0.324,216053.765625,208533.921875,224215.09375,746424.5,222681.40625,128817.21875,190721.453125,208210.890625,-0.099609375,0.968505859375,-0.15869140625,-16.357419967651367,-1.0681151151657104,0.1831054538488388,53.333335876464844,82.0,1.0
0.328,215687.734375,208270.609375,223830.203125,745215.5,222309.65625,128593.9765625,190409.25,207885.453125,-0.08251953125,0.974365234375,-0.1552734375,-15.380858421325684,0.5798339247703552,-0.6408690810203552,53.333335876464844,83.0,1.0
0.332,215331.984375,207990.59375,223448.4375,744065.3125,221942.28125,128408.09375,190151.75,207540.96875,-0.0712890625,0.983154296875,-0.154296875,-14.495848655700684,2.593993902206421,-1.5563963651657104,53.333335876464844,84.0,1.0
0.336,215050.796875,207798.09375,223154.015625,742963.4375,221637.3125,128252.4375,189880.578125,207278.734375,-0.063232421875,0.9853515625,-0.15283203125,-14.038084983825684,4.669188976287842,-2.380370855331421,53.333335876464844,85.0,1.0
0.34,214748.953125,207659.421875,222844.046875,741904.3125,221344.6875,128116.5390625,189589.203125,207028.484375,-0.0625,0.983642578125,-0.14794921875,-13.671874046325684,6.958007335662842,-3.265380620956421,53.333335876464844,86.0,1.0
0.344,214496.640625,207494.828125,222579.671875,740902.1875,221074.234375,127920.9140625,189349.953125,206780.203125,-0.0625,0.9755859375,-0.146728515625,-13.366698265075684,9.124754905700684,-4.547118663787842,53.333335876464844,87.0,1.0
0.348,214215.375,207258.796875,222286.234375,739934.5,220793.21875,127742.1953125,189069.65625,206520.5625,-0.064208984375,0.968994140625,-0.14892578125,-13.000487327575684,11.474608421325684,-5.950927257537842,53.333335876464844,88.0,1.0
0.352,213880.71875,207053.25,221922.53125,738998.4375,220440.25,127526.6328125,188840.421875,206092.578125,-0.064453125,0.966796875,-0.148681640625,-12.695311546325684,12.725829124450684,-6.591796398162842,53.333335876464844,89.0,1.0
0.356,213634.234375,206971.078125,221665.5625,738119.1875,220200.1875,127406.109375,188617.4375,205973.75,-0.0673828125,0.95947265625,-0.150634765625,-11.932372093200684,15.167235374450684,-8.209227561950684,53.333335876464844,90.0,1.0
0.36,213374.5,206807.015625,221394.046875,737270.0,219934.5625,127208.2578125,188422.890625,205740.046875,-0.070556640625,0.95458984375,-0.15380859375,-11.230467796325684,17.486570358276367,-9.857176780700684,53.333335876464844,91.0,1.0
0.364,213185.40625,206636.796875,221198.6875,736465.5,219740.71875,127125.015625,188229.6875,205536.1875,-0.073486328125,0.951904296875,-0.15185546875,-10.345458030700684,19.805906295776367,-11.596678733825684,53.333335876464844,92.0,1.0
0.368,212974.859375,206502.328125,220979.734375,735693.9375,219528.03125,127047.3203125,188032.0,205322.234375,-0.076416015625,0.9462890625,-0.15625,-9.521483421325684,22.155759811401367,-13.153075218200684,53.333335876464844,93.0,1.0
0.372,212756.78125,206416.140625,220745.390625,734943.8125,219294.234375,126863.6796875,187822.875,205126.890625,-0.0830078125,0.94140625,-0.1572265625,-8.544920921325684,24.383543014526367,-14.770506858825684,53.333335876464844,94.0,1.0
0.376,212539.4375,206312.515625,220515.265625,734226.75,219067.9375,126766.2265625,187622.96875,204873.6875,-0.0888671875,0.935546875,-0.159423828125,-7.629394054412842,26.458738327026367,-16.387937545776367,53.333335876464844,95.0,1.0
0.38,212369.65625,206172.140625,220342.34375,733553.0625,218895.65625,126694.5234375,187467.21875,204714.71875,-0.099853515625,0.931396484375,-0.15869140625,-6.561278820037842,28.472898483276367,-18.035886764526367,53.333335876464844,96.0,1.0
0.384,212176.265625,206027.484375,220134.203125,732899.3125,218689.75,126512.0390625,187306.828125,204513.109375,-0.106689453125,0.92822265625,-0.157958984375,-5.462646007537842,30.456541061401367,-19.653318405151367,53.333335876464844,97.0,1.0
0.388,211944.53125,205945.9375,219884.21875,732264.4375,218448.53125,126378.375,187114.953125,204315.703125,-0.1123046875,0.92822265625,-0.15869140625,-4.241942882537842,32.318111419677734,-21.148679733276367,53.333335876464844,98.0,1.0
0.392,211776.265625,205894.890625,219704.875,731667.125,218276.15625,126319.1875,186988.984375,204151.359375,-0.12158203125,0.93359375,-0.158935546875,-3.173827886581421,34.057613372802734,-22.460935592651367,53.333335876464844,99.0,1.0
0.396,211636.515625,205757.296875,219558.0625,731094.75,218125.59375,126216.8203125,186843.96875,204020.296875,-0.127197265625,0.94287109375,-0.156494140625,-2.044677495956421,35.522457122802734,-23.590085983276367,53.333335876464844,100.0,1.0
0.4,211503.296875,205630.875,219424.40625,730544.5625,217992.640625,126152.984375,186692.0625,203889.40625,-0.13818359375,0.950927734375,-0.156005859375,-1.1901854276657104,36.987300872802734,-24.688718795776367,53.333335876464844,101.0,1.0
0.404,211326.640625,205583.671875,219236.46875,730017.125,217815.4375,126032.5546875,186555.453125,203685.734375,-0.14599609375,0.955322265625,-0.153564453125,-0.6103515028953552,38.238521575927734,-25.207517623901367,53.333335876464844,102.0,1.0
0.408,211191.8125,205565.609375,219094.84375,729517.0,217669.4375,125920.4375,186441.0,203580.6875,-0.159423828125,0.95263671875,-0.14990234375,-0.0915527269244194,39.245601654052734,-25.726316452026367,53.333335876464844,103.0,1.0
0.412,211058.5,205448.9375,218952.0625,729033.5625,217533.265625,125857.2265625,186327.28125,203481.703125,-0.174072265625,0.9482421875,-0.146484375,0.2746581733226776,40.100093841552734,-26.062009811401367,53.333335876464844,104.0,1.0
0.416,210952.734375,205311.875,218850.671875,728565.0625,217428.75,125855.6171875,186190.84375,203360.5625,-0.18896484375,0.9443359375,-0.149169921875,0.7019042372703552,40.618892669677734,-26.428220748901367,53.333335876464844,105.0,1.0
0.42,210795.5625,205272.265625,218682.0625,728120.4375,217281.140625,125720.34375,186062.453125,203137.046875,-0.203369140625,0.943359375,-0.150390625,1.1901854276657104,41.015621185302734,-26.702878952026367,53.333335876464844,106.0,1.0
0.424,210607.0,205217.90625,218465.6875,727682.1875,217074.25,125555.2109375,185983.328125,203031.453125,-0.21630859375,0.942138671875,-0.154541015625,1.8005369901657104,41.137691497802734,-26.763914108276367,53.333335876464844,107.0,1.0
0.428,210521.796875,205121.96875,218373.328125,727269.5,216980.828125,125551.0078125,185888.46875,202956.171875,-0.2265625,0.943359375,-0.160400390625,2.532958745956421,41.168209075927734,-26.763914108276367,53.333335876464844,108.0,1.0
0.432,210414.5,205028.09375,218260.59375,726887.1875,216883.546875,125491.28125,185784.84375,202907.890625,-0.233642578125,0.943115234375,-0.16259765625,2.960204839706421,40.954586029052734,-26.672361373901367,53.333335876464844,109.0,1.0
0.436,210329.390625,204981.421875,218172.171875,726511.6875,216789.484375,125444.2578125,185688.5625,202766.0,-0.23876953125,0.948486328125,-0.16455078125,3.662109136581421,40.740962982177734,-26.275632858276367,53.333335876464844,110.0,1.0
0.44,210211.28125,204954.421875,218045.65625,726139.4375,216671.390625,125401.6953125,185589.671875,202655.046875,-0.2421875,0.95263671875,-0.168212890625,4.211425304412842,40.313716888427734,-25.878904342651367,53.333335876464844,111.0,1.0
0.444,210110.703125,204893.0,217935.421875,725793.8125,216565.890625,125332.5859375,185492.046875,202569.3125,-0.243408203125,0.95751953125,-0.1669921875,4.608153820037842,40.008541107177734,-25.360105514526367,53.333335876464844,112.0,1.0
0.448,210031.21875,204784.1875,217847.4375,725462.1875,216477.8125,125257.0390625,185409.875,202506.8125,-0.241455078125,0.96337890625,-0.167724609375,4.852294445037842,39.550777435302734,-24.597166061401367,53.333335876464844,113.0,1.0
0.452,209927.421875,204716.515625,217737.828125,725140.0,216377.40625,125213.9453125,185328.875,202360.453125,-0.240478515625,0.96826171875,-0.166015625,4.791259288787842,39.123531341552734,-23.773191452026367,53.333335876464844,114.0,1.0
0.456,209845.609375,204752.359375,217652.796875,724840.8125,216296.765625,125151.7109375,185259.5,202321.203125,-0.236572265625,0.97021484375,-0.165771484375,4.608153820037842,38.818355560302734,-22.949216842651367,53.333335876464844,115.0,1.0
0.46,209772.203125,204701.21875,217577.078125,724543.8125,216222.5625,125085.2890625,185176.515625,202257.8125,-0.236328125,0.97412109375,-0.1669921875,4.486083507537842,38.421627044677734,-21.972654342651367,53.333335876464844,116.0,1.0
0.464,209679.484375,204585.171875,217476.21875,724260.6875,216125.734375,125075.2734375,185113.140625,202144.0,-0.236328125,0.9775390625,-0.17041015625,4.302978038787842,38.116451263427734,-21.026609420776367,53.333335876464844,117.0,1.0
0.468,209603.765625,204536.625,217392.890625,723991.75,216045.796875,125034.7734375,185062.796875,202055.046875,-0.241455078125,0.979248046875,-0.17236328125,3.997802495956421,37.689205169677734,-19.989011764526367,53.333335876464844,118.0,1.0
0.472,209511.671875,204521.421875,217299.109375,723720.9375,215957.828125,124988.9921875,184975.09375,202000.140625,-0.24755859375,0.98046875,-0.16845703125,3.509521245956421,37.170406341552734,-19.042966842651367,53.333335876464844,119.0,1.0
0.476,209455.4375,204526.421875,217236.96875,723479.5,215898.28125,124886.4453125,184939.953125,201960.359375,-0.254150390625,0.982666015625,-0.168212890625,3.051757574081421,36.651607513427734,-18.157957077026367,53.333335876464844,120.0,1.0
0.48,209394.546875,204430.765625,217175.90625,723239.8125,215832.203125,124897.890625,184877.640625,201898.484375,-0.26025390625,0.989013671875,-0.173095703125,2.288818120956421,35.644527435302734,-16.754148483276367,53.333335876464844,121.0,1.0
0.484,209362.90625,204364.0625,217144.25,723008.0,215802.171875,124901.5546875,184822.03125,201901.34375,-0.263671875,1.0,-0.17041015625,1.6479490995407104,34.881587982177734,-15.960692405700684,53.333335876464844,122.0,1.0
0.488,209231.734375,204339.5625,216998.078125,722773.5625,215676.546875,124824.0390625,184754.25,201677.46875,-0.262451171875,1.01416015625,-0.172119140625,1.0986326932907104,33.966060638427734,-15.136717796325684,53.333335876464844,123.0,1.0
0.492,209165.484375,204353.6875,216924.234375,722562.5625,215585.171875,124787.9140625,184668.59375,201584.484375,-0.262939453125,1.0224609375,-0.16748046875,0.1220703050494194,33.081050872802734,-14.129637718200684,53.333335876464844,124.0,1.0
0.496,209113.1875,204290.9375,216869.875,722357.25,215534.84375,124718.625,184614.953125,201620.171875,-0.2607421875,1.023193359375,-0.1611328125,-1.1291502714157104,32.165523529052734,-13.244627952575684,53.333335876464844,125.0,1.0
0.5,209060.875,204211.0,216814.25,722158.1875,215484.421875,124676.78125,184580.53125,201600.9375,-0.256103515625,1.0166015625,-0.155029296875,-2.593993902206421,31.524656295776367,-12.481688499450684,53.333335876464844,126.0,1.0
0.504,209011.984375,204245.515625,216756.40625,721975.25,215430.859375,124636.375,184525.375,201522.890625,-0.25341796875,1.00830078125,-0.158447265625,-3.875732183456421,30.914304733276367,-11.688231468200684,53.333335876464844,127.0,1.0
0.508,208993.65625,204270.8125,216739.875,721794.375,215399.5625,124621.53125,184469.84375,201455.03125,-0.254638671875,0.995849609375,-0.1640625,-4.943847179412842,30.212400436401367,-10.986327171325684,53.333335876464844,128.0,1.0
0.512,208921.859375,204198.03125,216656.28125,721616.8125,215332.96875,124605.078125,184431.5,201375.640625,-0.25732421875,0.981689453125,-0.172607421875,-5.584716320037842,29.632566452026367,-10.284422874450684,53.333335876464844,129.0,1.0
0.516,208824.3125,204097.0,216551.046875,721439.3125,215241.3125,124552.6875,184390.09375,201327.984375,-0.255615234375,0.97119140625,-0.17578125,-5.798339366912842,28.930662155151367,-9.674071311950684,53.333335876464844,130.0,1.0
0.52,208792.578125,204118.828125,216514.46875,721283.5,215203.140625,124524.1640625,184364.078125,201327.625,-0.255615234375,0.965087890625,-0.174560546875,-5.615233898162842,28.289793014526367,-9.277342796325684,53.333335876464844,131.0,1.0
0.524,208789.265625,204161.296875,216514.46875,721124.875,215192.859375,124513.4375,184327.953125,201317.515625,-0.254638671875,0.96240234375,-0.175048828125,-5.310058116912842,27.618406295776367,-8.819579124450684,53.333335876464844,132.0,1.0
0.528,208770.21875,204138.578125,216495.515625,720974.5,215180.515625,124552.7734375,184286.390625,201284.703125,-0.257080078125,0.967529296875,-0.169677734375,-4.974364757537842,27.038572311401367,-8.636473655700684,53.333335876464844,133.0,1.0
0.532,208690.296875,204054.53125,216407.1875,720826.25,215104.171875,124458.8984375,184249.8125,201206.21875,-0.2578125,0.97509765625,-0.166015625,-4.791259288787842,26.397703170776367,-8.239745140075684,53.333335876464844,134.0,1.0
0.536,208668.5625,204044.703125,216382.953125,720683.125,215076.625,124484.7421875,184203.6875,201193.515625,-0.2568359375,0.983154296875,-0.1572265625,-4.760741710662842,25.634763717651367,-7.873534679412842,53.333335876464844,135.0,1.0
0.54,208635.484375,204119.53125,216339.6875,720555.0,215043.90625,124454.34375,184181.515625,201113.40625,-0.25732421875,0.98779296875,-0.15283203125,-5.065917491912842,25.024412155151367,-7.354735851287842,53.333335876464844,136.0,1.0
0.544,208597.484375,204121.953125,216297.03125,720430.4375,214994.734375,124393.546875,184170.96875,201090.078125,-0.2587890625,0.9873046875,-0.148193359375,-5.645751476287842,24.230955123901367,-6.683349132537842,53.333335876464844,137.0,1.0
0.548,208548.21875,204028.796875,216249.46875,720296.1875,214954.6875,124377.71875,184119.90625,201104.015625,-0.26171875,0.983154296875,-0.146484375,-6.042479991912842,23.406980514526367,-5.889892101287842,53.333335876464844,138.0,1.0
0.552,208522.390625,204017.703125,216218.09375,720175.625,214936.53125,124384.9609375,184095.234375,201092.484375,-0.26220703125,0.97412109375,-0.15380859375,-6.347655773162842,22.644041061401367,-5.249022960662842,53.333335876464844,139.0,1.0
0.556,208487.34375,204077.34375,216172.765625,720060.0625,214888.703125,124328.0078125,184066.53125,200978.3125,-0.263916015625,0.96923828125,-0.156982421875,-6.378173351287842,22.277830123901367,-4.852294445037842,53.333335876464844,140.0,1.0
0.56,208472.3125,204098.609375,216157.46875,719952.3125,214868.578125,124309.6796875,184024.875,200968.125,-0.263427734375,0.9619140625,-0.1669921875,-6.164550304412842,21.392820358276367,-4.302978038787842,53.333335876464844,141.0,1.0
0.564,208426.1875,204036.296875,216104.1875,719845.125,214828.265625,124312.2734375,183987.859375,200937.453125,-0.263671875,0.954345703125,-0.176025390625,-5.462646007537842,20.660398483276367,-3.814697027206421,53.333335876464844,142.0,1.0
0.568,208362.171875,203977.375,216025.859375,719734.3125,214752.984375,124270.6953125,183957.90625,200832.21875,-0.26416015625,0.948486328125,-0.177001953125,-4.150390148162842,19.439695358276367,-3.143310308456421,53.333335876464844,143.0,1.0
0.572,208321.484375,204024.859375,215981.609375,719631.6875,214712.125,124236.7265625,183921.34375,200849.65625,-0.26220703125,0.947021484375,-0.176513671875,-3.234863042831421,18.585203170776367,-2.899169683456421,53.333335876464844,144.0,1.0
0.576,208304.953125,204042.203125,215965.421875,719532.3125,214693.34375,124239.046875,183894.25,200832.125,-0.259033203125,0.947998046875,-0.174560546875,-2.319335699081421,17.913816452026367,-2.624511480331421,53.333335876464844,145.0,1.0
0.58,208328.1875,204014.65625,215995.828125,719441.5625,214720.078125,124280.890625,183871.09375,200825.15625,-0.254638671875,0.951171875,-0.1708984375,-1.4953612089157104,17.181394577026367,-2.532958745956421,53.333335876464844,146.0,1.0
0.584,208296.625,204006.4375,215956.390625,719356.75,214697.90625,124225.640625,183859.734375,200815.0625,-0.248046875,0.953857421875,-0.168212890625,-0.9155272841453552,16.571043014526367,-2.349853277206421,53.333335876464844,147.0,1.0
0.588,208234.671875,204040.140625,215878.515625,719266.5,214623.34375,124169.3984375,183850.609375,200738.171875,-0.2451171875,0.9541015625,-0.16796875,-0.3967284858226776,15.930174827575684,-2.075195074081421,53.333335876464844,148.0,1.0
0.592,208222.15625,204079.125,215862.78125,719182.0625,214605.09375,124179.6796875,183817.265625,200755.875,-0.242919921875,0.955322265625,-0.164794921875,0.0610351525247097,15.350340843200684,-1.9836424589157104,53.333335876464844,149.0,1.0
0.596,208236.546875,204053.640625,215880.125,719105.8125,214616.09375,124188.890625,183807.875,200755.25,-0.24267578125,0.95556640625,-0.168212890625,0.3967284858226776,14.862059593200684,-1.7089842557907104,53.333335876464844,150.0,1.0
0.6,208179.328125,203987.75,215814.6875,719018.625,214572.5625,124179.0546875,183781.421875,200684.96875,-0.24267578125,0.95751953125,-0.172119140625,0.9155272841453552,14.251708030700684,-1.6479490995407104,53.333335876464844,151.0,1.0
0.604,208179.59375,204050.609375,215814.6875,718948.25,214566.5625,124178.7890625,183771.84375,200685.5,-0.238525390625,0.958740234375,-0.177978515625,1.4343260526657104,13.641356468200684,-1.4343260526657104,53.333335876464844,152.0,1.0
0.608,208158.5,204115.6875,215794.390625,718877.1875,214548.5,124150.890625,183737.25,200643.84375,-0.234375,0.953369140625,-0.177734375,1.8310545682907104,13.183592796325684,-1.2512205839157104,53.333335876464844,153.0,1.0
0.612,208081.78125,204064.015625,215707.125,718801.375,214472.859375,124109.765625,183731.609375,200600.296875,-0.2294921875,0.94921875,-0.17431640625,2.197265386581421,12.786864280700684,-1.0681151151657104,53.333335876464844,154.0,1.0
0.616,208060.328125,203989.984375,215681.375,718728.25,214442.46875,124069.4453125,183716.234375,200618.53125,-0.227294921875,0.94482421875,-0.1787109375,2.471923589706421,12.390135765075684,-0.7629393935203552,53.333335876464844,155.0,1.0
0.62,208090.90625,204022.625,215715.796875,718665.3125,214474.203125,124111.2890625,183703.453125,200641.25,-0.22412109375,0.944091796875,-0.178466796875,2.838134527206421,11.993407249450684,-0.6713866591453552,53.333335876464844,156.0,1.0
0.624,208069.359375,204095.125,215690.046875,718603.0,214457.21875,124115.484375,183676.359375,200629.984375,-0.226806640625,0.93994140625,-0.183349609375,3.265380620956421,11.566161155700684,-0.5187987685203552,53.333335876464844,157.0,1.0
0.628,208074.09375,204087.34375,215694.078125,718543.4375,214457.484375,124105.65625,183676.09375,200598.25,-0.230712890625,0.943359375,-0.184326171875,3.875732183456421,11.138915061950684,-0.3967284858226776,53.333335876464844,158.0,1.0
0.632,208069.453125,204035.140625,215686.390625,718484.875,214454.453125,124106.1015625,183654.09375,200612.1875,-0.23046875,0.951416015625,-0.1884765625,4.211425304412842,10.681151390075684,-0.3967284858226776,53.333335876464844,159.0,1.0
0.636,208010.96875,204018.59375,215618.53125,718420.9375,214402.0625,124084.109375,183643.375,200520.28125,-0.232177734375,0.956787109375,-0.193359375,4.180907726287842,10.284422874450684,-0.2441406100988388,53.333335876464844,160.0,1.0
0.64,207985.40625,204068.671875,215590.09375,718363.4375,214372.90625,124075.609375,183630.765625,200518.21875,-0.232177734375,0.96484375,-0.1943359375,3.997802495956421,9.887694358825684,-0.3051757514476776,53.333335876464844,161.0,1.0
0.644,207977.453125,204062.3125,215581.15625,718312.125,214371.390625,124057.375,183617.71875,200563.375,-0.230224609375,0.966796875,-0.1923828125,3.662109136581421,9.460448265075684,-0.2441406100988388,53.333335876464844,162.0,1.0
0.648,207961.71875,204000.625,215562.828125,718257.5,214347.515625,124085.359375,183612.078125,200465.03125,-0.231201171875,0.96533203125,-0.1943359375,3.204345464706421,8.972167015075684,-0.1525878757238388,53.333335876464844,163.0,1.0
0.652,207997.828125,204037.1875,215607.703125,718217.375,214387.21875,124083.75,183578.734375,200520.546875,-0.229248046875,0.968017578125,-0.198974609375,2.746581792831421,8.544920921325684,-0.2441406100988388,53.333335876464844,164.0,1.0
0.656,207978.15625,204087.890625,215581.0625,718166.6875,214362.453125,124039.046875,183569.34375,200473.078125,-0.231201171875,0.9677734375,-0.20458984375,2.136230230331421,8.300780296325684,-0.3051757514476776,53.333335876464844,165.0,1.0
0.66,207909.5,204034.953125,215500.0625,718103.3125,214289.40625,123953.3046875,183569.796875,200465.296875,-0.23291015625,0.967529296875,-0.210693359375,1.6784666776657104,7.781981945037842,-0.3051757514476776,53.333335876464844,166.0,1.0
0.664,207865.0625,203955.125,215454.375,718054.375,214257.21875,123972.9765625,183541.984375,200416.84375,-0.237060546875,0.9697265625,-0.215576171875,1.1901854276657104,7.354735851287842,-0.3356933295726776,53.333335876464844,167.0,1.0
0.668,207858.71875,203940.015625,215449.90625,718017.0,214250.6875,123961.53125,183541.890625,200433.828125,-0.23388671875,0.97900390625,-0.216064453125,0.6103515028953552,6.988524913787842,-0.4577636420726776,53.333335876464844,168.0,1.0
0.672,207880.4375,203987.296875,215472.078125,717974.8125,214266.78125,124002.390625,183538.859375,200436.78125,-0.232421875,0.983642578125,-0.2177734375,0.2441406100988388,6.835937023162842,-0.4882812201976776,53.333335876464844,169.0,1.0
0.676,207897.78125,203998.84375,215493.796875,717928.0625,214282.515625,124033.7734375,183515.875,200450.71875,-0.231201171875,0.99267578125,-0.21923828125,-0.5187987685203552,6.622313976287842,-0.7019042372703552,53.333335876464844,170.0,1.0
0.68,207907.890625,203950.640625,215507.65625,717888.625,214294.3125,124000.8671875,183509.796875,200462.796875,-0.228271484375,1.0068359375,-0.217529296875,-1.4343260526657104,6.378173351287842,-0.7019042372703552,53.333335876464844,171.0,1.0
0.684,207887.5,203919.265625,215475.5625,717848.9375,214270.890625,123998.453125,183501.9375,200378.03125,-0.2255859375,1.013427734375,-0.21533203125,-2.655029058456421,6.164550304412842,-0.5798339247703552,53.333335876464844,172.0,1.0
0.688,207803.828125,203955.296875,215374.625,717812.375,214184.078125,123947.7578125,183487.0,200331.90625,-0.224609375,1.01611328125,-0.208984375,-4.272460460662842,5.950927257537842,-0.5493163466453552,53.333335876464844,173.0,1.0
0.692,207788.625,203951.546875,215358.984375,717771.25,214164.046875,123921.203125,183480.5625,200362.203125,-0.2275390625,1.016845703125,-0.206298828125,-6.103515148162842,5.706786632537842,-0.3051757514476776,53.333335876464844,174.0,1.0
0.696,207816.515625,203914.796875,215389.5625,717736.375,214192.125,123962.6015625,183481.1875,200377.859375,-0.23095703125,1.020751953125,-0.2060546875,-7.904052257537842,5.462646007537842,-0.1220703050494194,53.333335876464844,175.0,1.0
0.7,207825.8125,203856.953125,215401.890625,717694.875,214207.421875,123982.5390625,183466.34375,200387.328125,-0.2333984375,1.0224609375,-0.2109375,-9.582518577575684,5.218505382537842,0.0610351525247097,53.333335876464844,176.0,1.0
0.704,207810.703125,203897.359375,215382.3125,717664.8125,214194.625,123959.3828125,183453.296875,200388.21875,-0.23388671875,1.02490234375,-0.210693359375,-11.230467796325684,4.913329601287842,0.2136230319738388,53.333335876464844,177.0,1.0
0.708,207828.3125,203952.171875,215402.609375,717637.1875,214212.6875,123995.328125,183463.578125,200395.828125,-0.234375,1.02587890625,-0.20849609375,-12.664793968200684,4.760741710662842,0.4882812201976776,53.333335876464844,178.0,1.0
0.712,207810.34375,203921.859375,215378.828125,717606.5625,214197.5,123972.2578125,183456.25,200367.21875,-0.236083984375,1.025390625,-0.20361328125,-14.312743186950684,4.455565929412842,0.6408690810203552,53.333335876464844,179.0,1.0
0.716,207769.21875,203814.21875,215328.9375,717560.4375,214144.75,123941.140625,183427.71875,200279.78125,-0.2373046875,1.021240234375,-0.197509765625,-15.991209983825684,4.089354991912842,0.9460448622703552,53.333335876464844,180.0,1.0
0.72,207741.765625,203829.140625,215293.890625,717529.75,214113.0,123880.4375,183402.234375,200279.5,-0.23974609375,1.01904296875,-0.194580078125,-17.730710983276367,3.967284917831421,1.2512205839157104,53.333335876464844,181.0,1.0
0.724,207780.390625,203900.21875,215338.140625,717503.875,214145.546875,123914.234375,183414.125,200345.046875,-0.237548828125,1.015869140625,-0.19384765625,-19.348142623901367,3.753661870956421,1.4648436307907104,53.333335876464844,182.0,1.0
0.728,207784.328125,203876.890625,215344.40625,717472.0625,214157.96875,123931.84375,183379.625,200353.53125,-0.235595703125,1.01171875,-0.194580078125,-20.599363327026367,3.662109136581421,1.6479490995407104,53.333335876464844,183.0,1.0
0.732,207759.46875,203818.953125,215306.59375,717447.0625,214119.0,123915.75,183368.4375,200246.6875,-0.22900390625,1.00634765625,-0.194580078125,-21.820066452026367,3.631591558456421,1.8615721464157104,53.333335876464844,184.0,1.0
0.736,207736.859375,203821.0,215272.34375,717418.6875,214090.65625,123859.6953125,183378.09375,200252.859375,-0.22216796875,0.997802734375,-0.19091796875,-22.735593795776367,3.875732183456421,2.197265386581421,53.333335876464844,185.0,1.0
0.74,207708.875,203862.84375,215245.34375,717388.375,214062.671875,123841.7265625,183385.34375,200236.59375,-0.21826171875,0.98779296875,-0.192626953125,-23.651121139526367,4.119872570037842,2.563476324081421,53.333335876464844,186.0,1.0
0.744,207742.125,203846.84375,215287.09375,717355.25,214097.71875,123896.6171875,183355.921875,200254.296875,-0.214111328125,0.978515625,-0.188232421875,-24.353025436401367,4.486083507537842,2.655029058456421,53.333335876464844,187.0,1.0
0.748,207733.640625,203824.9375,215269.578125,717337.5,214096.46875,123906.8125,183354.3125,200247.59375,-0.21142578125,0.968994140625,-0.1875,-24.658201217651367,5.004882335662842,2.593993902206421,53.333335876464844,188.0,1.0
0.752,207711.46875,203816.265625,215242.921875,717311.4375,214068.5625,123876.1484375,183374.875,200227.65625,-0.20556640625,0.965576171875,-0.186767578125,-24.658201217651367,5.645751476287842,2.655029058456421,53.333335876464844,189.0,1.0
0.756,207771.359375,203901.46875,215308.546875,717294.6875,214123.109375,123916.109375,183372.203125,200286.390625,-0.200927734375,0.96435546875,-0.18212890625,-24.627683639526367,6.439208507537842,2.655029058456421,53.333335876464844,190.0,1.0
0.76,207728.09375,203883.6875,215260.8125,717259.125,214091.90625,123896.265625,183348.328125,200273.96875,-0.197021484375,0.9638671875,-0.177490234375,-24.505613327026367,7.232665538787842,2.471923589706421,53.333335876464844,191.0,1.0
0.764,207693.5,203816.625,215219.0625,717230.9375,214054.4375,123891.34375,183357.265625,200238.921875,-0.191162109375,0.969970703125,-0.1728515625,-24.383543014526367,8.026122093200684,2.441406011581421,53.333335876464844,192.0,1.0
0.768,207712.796875,203826.734375,215238.375,717212.4375,214074.5625,123892.59375,183345.109375,200254.296875,-0.18603515625,0.9765625,-0.167236328125,-24.261472702026367,8.941649436950684,2.471923589706421,53.333335876464844,193.0,1.0
0.772,207704.484375,203908.984375,215225.140625,717199.1875,214066.25,123863.1796875,183353.6875,200231.046875,-0.17919921875,0.981689453125,-0.159912109375,-24.200437545776367,10.040282249450684,2.410888433456421,53.333335876464844,194.0,1.0
0.776,207688.03125,203918.640625,215204.65625,717175.0625,214039.59375,123868.3671875,183325.703125,200197.078125,-0.17236328125,0.98486328125,-0.158447265625,-24.139402389526367,11.260985374450684,2.288818120956421,53.333335876464844,195.0,1.0
0.78,207706.453125,203868.75,215220.390625,717149.75,214055.609375,123878.734375,183328.65625,200225.859375,-0.16650390625,0.987548828125,-0.157470703125,-24.078367233276367,12.634276390075684,2.319335699081421,53.333335876464844,196.0,1.0
0.784,207715.84375,203871.96875,215234.609375,717130.125,214074.296875,123910.2109375,183329.46875,200261.625,-0.158935546875,0.98828125,-0.155517578125,-24.169919967651367,14.282225608825684,2.227782964706421,53.333335876464844,197.0,1.0
0.788,207711.28125,203947.078125,215231.9375,717109.625,214078.140625,123913.0703125,183305.6875,200230.875,-0.153076171875,0.98486328125,-0.1552734375,-24.108884811401367,16.021726608276367,2.288818120956421,53.333335876464844,198.0,1.0
0.792,207690.546875,204013.859375,215202.96875,717096.6875,214058.828125,123885.53125,183316.40625,200216.46875,-0.1474609375,0.976318359375,-0.1552734375,-23.925779342651367,17.700193405151367,2.258300542831421,53.333335876464844,199.0,1.0
0.796,207682.859375,203986.765625,215189.109375,717081.0,214044.0625,123881.8671875,183357.625,200227.921875,-0.1435546875,0.96875,-0.159423828125,-23.437498092651367,19.653318405151367,2.044677495956421,53.333335876464844,200.0,1.0
0.8,207684.8125,203915.6875,215191.4375,717045.875,214039.6875,123860.5,183327.3125,200233.734375,-0.140869140625,0.958740234375,-0.164306640625,-22.674558639526367,21.636960983276367,1.9226073026657104,53.333335876464844,201.0,1.0
0.804,207651.65625,203970.046875,215147.0,717029.5,213999.28125,123841.453125,183287.265625,200159.796875,-0.14111328125,0.950927734375,-0.16357421875,-21.820066452026367,23.590085983276367,1.7089842557907104,53.333335876464844,202.0,1.0
0.808,207670.875,204036.65625,215169.34375,717018.3125,214015.734375,123857.015625,183300.859375,200198.140625,-0.1396484375,0.938232421875,-0.16552734375,-20.721433639526367,25.634763717651367,1.3732908964157104,53.333335876464844,203.0,1.0
0.812,207667.390625,204014.484375,215165.5,716996.875,214014.390625,123879.9921875,183292.265625,200130.375,-0.138427734375,0.926513671875,-0.171875,-19.500730514526367,27.832029342651367,0.8239745497703552,53.333335876464844,204.0,1.0
0.816,207650.3125,203959.3125,215143.953125,716971.0625,213995.96875,123870.9609375,183276.0,200156.84375,-0.135009765625,0.916015625,-0.16748046875,-17.211912155151367,31.219480514526367,0.2136230319738388,53.333335876464844,205.0,1.0
0.82,207677.125,204030.125,215169.703125,716962.25,214023.859375,123852.0078125,183290.390625,200200.109375,-0.135498046875,0.9169921875,-0.168212890625,-15.472411155700684,33.416744232177734,-0.3662109076976776,53.333335876464844,206.0,1.0
0.824,207666.140625,204124.015625,215150.03125,716953.0625,214012.59375,123864.5234375,183308.359375,200208.703125,-0.137451171875,0.923583984375,-0.1689453125,-13.763426780700684,35.766597747802734,-1.0681151151657104,53.333335876464844,207.0,1.0
0.828,207660.046875,204103.0,215144.3125,716932.5,214001.0625,123866.0390625,183289.046875,200191.890625,-0.138916015625,0.931396484375,-0.16552734375,-12.237547874450684,38.055416107177734,-1.6174315214157104,53.333335876464844,208.0,1.0
0.832,207667.65625,204055.609375,215156.203125,716911.3125,214012.953125,123876.234375,183252.9375,200185.71875,-0.14111328125,0.939208984375,-0.158935546875,-11.047362327575684,40.191646575927734,-2.014159917831421,53.333335876464844,209.0,1.0
0.836,207629.5625,204091.46875,215111.328125,716898.5,213975.046875,123840.0234375,183261.25,200080.671875,-0.145263671875,0.947021484375,-0.156494140625,-9.979247093200684,42.388912200927734,-2.319335699081421,53.333335876464844,210.0,1.0
0.84,207649.140625,204189.359375,215129.109375,716890.0625,213997.84375,123858.4453125,183275.1875,200167.84375,-0.1474609375,0.954833984375,-0.150634765625,-9.033202171325684,44.586177825927734,-2.593993902206421,53.333335876464844,211.0,1.0
0.844,207628.140625,204176.765625,215102.65625,716868.25,213976.03125,123855.578125,183264.28125,200148.53125,-0.1513671875,0.959228515625,-0.149658203125,-8.300780296325684,46.630855560302734,-2.777099370956421,53.333335876464844,212.0,1.0
0.848,207630.640625,204106.390625,215108.375,716841.375,213985.15625,123870.15625,183265.09375,200156.484375,-0.149169921875,0.9599609375,-0.147216796875,-7.659911632537842,48.828121185302734,-2.899169683456421,53.333335876464844,213.0,1.0
0.852,207616.25,204116.59375,215085.84375,716824.5625,213974.421875,123874.7109375,183281.71875,200143.515625,-0.148193359375,0.9619140625,-0.151611328125,-6.988524913787842,50.933834075927734,-2.685546636581421,53.333335876464844,214.0,1.0
0.856,207607.21875,204176.765625,215069.84375,716803.6875,213946.703125,123790.5859375,183255.703125,200126.890625,-0.1455078125,0.96142578125,-0.15283203125,-6.469726085662842,53.192134857177734,-2.349853277206421,53.333335876464844,215.0,1.0
0.86,207644.140625,204212.609375,215110.96875,716790.375,213981.21875,123876.1484375,183246.671875,200180.796875,-0.142333984375,0.96533203125,-0.15576171875,-5.798339366912842,55.572505950927734,-2.014159917831421,53.333335876464844,216.0,1.0
0.864,207673.109375,204192.9375,215140.296875,716778.0,214016.625,123870.0625,183265.890625,200183.65625,-0.14599609375,0.971923828125,-0.158447265625,-5.065917491912842,58.044429779052734,-1.5258787870407104,53.333335876464844,217.0,1.0
0.868,207623.21875,204181.140625,215079.3125,716755.8125,213968.875,123859.6953125,183274.296875,200122.234375,-0.150634765625,0.978271484375,-0.1591796875,-4.455565929412842,60.455318450927734,-0.8239745497703552,53.333335876464844,218.0,1.0
0.872,207621.609375,204218.6875,215077.703125,716714.625,213963.328125,123846.5546875,183252.484375,200156.125,-0.16552734375,0.982177734375,-0.16064453125,-3.997802495956421,62.591548919677734,0.0915527269244194,53.333335876464844,219.0,1.0
0.876,207641.375,204270.71875,215094.78125,716647.3125,213983.1875,123876.859375,183243.546875,200174.359375,-0.181884765625,0.978759765625,-0.158935546875,-3.570556402206421,64.57518768310547,0.9460448622703552,53.333335876464844,220.0,1.0
0.88,207614.90625,204229.234375,215058.75,716485.75,213946.4375,123821.609375,183264.90625,200112.5,-0.193603515625,0.96728515625,-0.160888671875,-3.173827886581421,66.43675994873047,1.8310545682907104,53.333335876464844,221.0,1.0
0.884,207631.171875,204196.875,215074.21875,716308.1875,213959.21875,123859.15625,183271.4375,200124.65625,-0.201171875,0.959716796875,-0.159912109375,-2.716064214706421,68.17626190185547,2.563476324081421,53.333335876464844,222.0,1.0
0.888,207647.890625,204245.59375,215091.65625,716155.625,213980.765625,123867.6484375,183254.453125,200126.359375,-0.2041015625,0.95263671875,-0.1630859375,-2.197265386581421,69.85472869873047,3.295898199081421,53.333335876464844,223.0,1.0
0.892,207641.1875,204294.328125,215083.15625,716004.125,213979.34375,123870.515625,183270.359375,200160.5,-0.20263671875,0.949462890625,-0.165771484375,-1.9531248807907104,70.67870330810547,3.692626714706421,53.333335876464844,224.0,1.0
0.896,207640.734375,204289.40625,215076.453125,715841.625,213973.171875,123872.390625,183254.890625,200139.9375,-0.20263671875,0.944580078125,-0.170654296875,-1.0375975370407104,72.29613494873047,4.638671398162842,53.333335876464844,225.0,1.0
0.9,207662.640625,204243.09375,215100.59375,715665.8125,213984.25,123904.9375,183260.703125,200136.640625,-0.2001953125,0.943603515625,-0.17236328125,-0.1525878757238388,73.91356658935547,5.828856945037842,53.333335876464844,226.0,1.0
0.904,207644.671875,204266.25,215082.53125,715490.9375,213978.0,123850.0390625,183240.140625,200131.0,-0.201416015625,0.9384765625,-0.17626953125,1.3122557401657104,76.38549041748047,8.026122093200684,53.333335876464844,227.0,1.0
0.908,207588.890625,204276.453125,215016.109375,715272.0625,213912.375,123741.3203125,183192.3125,200059.65625,-0.2001953125,0.93701171875,-0.179443359375,2.258300542831421,78.15550994873047,9.704588890075684,53.333335876464844,228.0,1.0
0.912,207596.578125,204257.3125,215021.28125,715093.125,213912.546875,123789.8671875,183207.515625,200085.40625,-0.19873046875,0.936279296875,-0.1796875,3.417968511581421,79.86449432373047,11.413573265075684,53.333335876464844,229.0,1.0
0.916,207628.84375,204272.6875,215058.65625,714970.125,213962.53125,123901.0859375,183226.375,200129.9375,-0.19677734375,0.93505859375,-0.185546875,4.699706554412842,81.93968963623047,13.397215843200684,53.333335876464844,230.0,1.0
0.92,207616.0625,204312.75,215039.796875,714807.9375,213951.4375,123823.84375,183285.03125,200095.421875,-0.1953125,0.936279296875,-0.186767578125,6.103515148162842,83.77074432373047,15.472411155700684,53.333335876464844,231.0,1.0
0.924,207623.671875,204369.078125,215047.03125,714642.625,213952.34375,123850.3984375,183258.921875,200113.203125,-0.192138671875,0.93603515625,-0.18896484375,7.293700695037842,85.63231658935547,17.608640670776367,53.333335876464844,232.0,1.0
0.928,207572.171875,204329.28125,214990.53125,714424.9375,213888.140625,123756.7890625,183141.796875,200077.265625,-0.1904296875,0.926513671875,-0.188232421875,8.209227561950684,87.52440643310547,19.836423873901367,53.333335876464844,233.0,1.0
0.932,207593.265625,204272.421875,215013.59375,714221.25,213909.0625,123777.3515625,183168.625,200086.03125,-0.193115234375,0.916748046875,-0.184814453125,9.368895530700684,89.47753143310547,22.033689498901367,53.333335876464844,234.0,1.0
0.936,207602.828125,204321.859375,215022.984375,714075.3125,213932.765625,123845.1171875,183214.046875,200049.546875,-0.19775390625,0.911376953125,-0.1845703125,10.925292015075684,91.40013885498047,24.139402389526367,53.333335876464844,235.0,1.0
0.94,207610.34375,204431.484375,215028.171875,713938.375,213949.390625,123872.5703125,183260.078125,200051.609375,-0.202392578125,0.912353515625,-0.18408203125,12.573241233825684,93.04808807373047,26.214597702026367,53.333335876464844,236.0,1.0
0.944,207620.453125,204470.546875,215035.765625,713774.375,213949.75,123864.34375,183249.71875,200094.25,-0.205810546875,0.91650390625,-0.190673828125,13.977049827575684,94.87914276123047,28.228757858276367,53.333335876464844,237.0,1.0
0.948,207601.578125,204366.125,215016.8125,713521.5625,213928.375,123852.2734375,183196.34375,200107.046875,-0.207275390625,0.924072265625,-0.19287109375,15.624999046325684,96.49657440185547,30.242918014526367,53.333335876464844,238.0,1.0
0.952,207579.859375,204309.96875,214995.984375,713279.8125,213906.46875,123794.25,183164.328125,200106.0625,-0.202880859375,0.927490234375,-0.194091796875,16.967771530151367,98.05297088623047,32.531734466552734,53.333335876464844,239.0,1.0
0.956,207605.875,204415.921875,215021.46875,713164.875,213955.921875,123855.8515625,183222.984375,200145.84375,-0.1923828125,0.9267578125,-0.191162109375,18.127439498901367,99.67040252685547,34.790035247802734,53.333335876464844,240.0,1.0
0.96,207587.71875,204483.609375,214996.078125,713020.75,213933.734375,123877.3984375,183203.21875,200071.1875,-0.18212890625,0.92431640625,-0.18896484375,19.378660202026367,101.37938690185547,36.956783294677734,53.333335876464844,241.0,1.0
0.964,207595.140625,204425.40625,215002.0625,712808.25,213911.65625,123769.5703125,183160.3125,200049.109375,-0.17578125,0.93017578125,-0.18798828125,20.874021530151367,102.87474822998047,39.428707122802734,53.333335876464844,242.0,1.0
0.968,207580.484375,204416.453125,214986.78125,712612.0,213916.3125,123812.1328125,183180.6875,200086.203125,-0.16796875,0.932373046875,-0.19482421875,21.850584030151367,104.64476776123047,41.473384857177734,53.333335876464844,243.0,1.0
0.972,207591.484375,204542.078125,214995.09375,712494.4375,213935.0,123858.7109375,183244.890625,200065.109375,-0.162353515625,0.937744140625,-0.202880859375,23.132322311401367,106.53685760498047,43.640132904052734,53.333335876464844,244.0,1.0
0.976,207591.84375,204595.453125,214992.140625,712335.625,213926.671875,123796.390625,183203.3125,200105.609375,-0.153564453125,0.94189453125,-0.214599609375,24.902341842651367,108.45946502685547,45.928951263427734,53.333335876464844,245.0,1.0
0.98,207581.46875,204540.015625,214980.609375,712126.0625,213902.09375,123802.203125,183169.96875,200113.75,-0.148193359375,0.941162109375,-0.220703125,26.245115280151367,110.68724822998047,47.943111419677734,53.333335876464844,246.0,1.0
0.984,207594.34375,204495.9375,214995.09375,711928.1875,213929.8125,123847.359375,183217.171875,200077.984375,-0.142822265625,0.93359375,-0.223876953125,27.648923873901367,112.51830291748047,50.079341888427734,53.333335876464844,247.0,1.0
0.988,207557.765625,204530.984375,214949.046875,711736.1875,213886.53125,123758.9296875,183143.40625,200049.109375,-0.142333984375,0.922119140625,-0.2255859375,29.083250045776367,114.16625213623047,51.971431732177734,53.333335876464844,248.0,1.0
0.992,207585.21875,204605.90625,214974.4375,711584.1875,213912.640625,123830.1015625,183181.234375,200050.453125,-0.13916015625,0.918212890625,-0.228271484375,29.815671920776367,114.89867401123047,52.703853607177734,53.333335876464844,249.0,1.0
0.996,207570.46875,204608.6875,214958.796875,711420.625,213918.453125,123813.6484375,183226.734375,200105.4375,-0.13525390625,0.911376953125,-0.22900390625,31.463621139526367,116.51610565185547,53.955074310302734,53.333335876464844,250.0,1.0
1.0,207560.359375,204603.859375,214948.328125,711257.5,213912.640625,123845.921875,183235.234375,200084.0625,-0.135986328125,0.910400390625,-0.239501953125,33.508296966552734,118.01146697998047,55.023189544677734,53.333335876464844,251.0,1.0
1.004,207571.984375,204703.453125,214960.484375,711146.375,213917.734375,123837.96875,183189.8125,200031.3125,-0.140380859375,0.9130859375,-0.246337890625,35.614009857177734,119.90355682373047,55.938716888427734,53.333335876464844,252.0,1.0
1.008,207550.171875,204707.390625,214938.140625,710943.9375,213877.140625,123772.2578125,183109.796875,200000.015625,-0.142333984375,0.91552734375,-0.2509765625,37.475582122802734,121.18529510498047,56.610103607177734,53.333335876464844,253.0,1.0
1.012,207513.421875,204593.9375,214894.78125,710695.8125,213835.3125,123745.7890625,183098.890625,200036.40625,-0.130859375,0.914794921875,-0.252197265625,38.238521575927734,122.00926971435547,56.762691497802734,53.333335876464844,254.0,1.0
1.016,207538.640625,204540.640625,214918.828125,710540.4375,213869.453125,123756.609375,183143.859375,200085.765625,-0.11181640625,0.905517578125,-0.263916015625,39.093013763427734,123.19945526123047,56.701656341552734,53.333335876464844,255.0,1.0
1.02,207557.234375,204614.671875,214935.28125,710440.0625,213895.921875,123796.390625,183183.375,200043.921875,-0.102783203125,0.90185546875,-0.258056640625,41.687007904052734,124.66429901123047,57.037349700927734,53.333335876464844,256.0,1.0
1.024,207571.546875,204684.046875,214950.828125,710281.0625,213897.171875,123789.6015625,183171.125,200032.03125,-0.093505859375,0.90087890625,-0.25048828125,43.548580169677734,125.70189666748047,57.403560638427734,53.333335876464844,257.0,1.0
1.028,207541.59375,204631.65625,214917.9375,710055.0625,213868.46875,123745.8828125,183125.609375,200058.046875,-0.07958984375,0.894775390625,-0.257568359375,43.945308685302734,126.73949432373047,56.854244232177734,53.333335876464844,258.0,1.0
1.032,207519.328125,204582.9375,214895.578125,709867.625,213848.171875,123736.3984375,183108.890625,200009.3125,-0.069091796875,0.889892578125,-0.26220703125,45.684810638427734,127.34984588623047,56.457515716552734,53.333335876464844,259.0,1.0
1.036,207547.21875,204626.03125,214923.296875,709733.25,213878.125,123757.1484375,183128.484375,200033.375,-0.06591796875,0.895263671875,-0.265869140625,47.790523529052734,128.17381286621094,56.182857513427734,53.333335876464844,260.0,1.0
1.04,207567.078125,204765.140625,214941.53125,709655.875,213909.328125,123808.1953125,183158.15625,200057.421875,-0.057373046875,0.900390625,-0.278076171875,49.041744232177734,129.36399841308594,55.267330169677734,53.333335876464844,261.0,1.0
1.044,207564.203125,204770.421875,214939.65625,709501.1875,213903.171875,123789.78125,183159.953125,200054.015625,-0.05224609375,0.9033203125,-0.287841796875,50.476070404052734,130.24900817871094,54.351802825927734,53.333335876464844,262.0,1.0
1.048,207564.921875,204749.140625,214936.984375,709341.375,213913.0,123803.1015625,183181.765625,200073.6875,-0.05126953125,0.912841796875,-0.2978515625,52.459712982177734,130.61521911621094,53.588863372802734,53.333335876464844,263.0,1.0
1.052,207557.765625,204757.8125,214935.09375,709165.75,213912.734375,123813.1171875,183193.828125,200117.234375,-0.048583984375,0.922607421875,-0.3115234375,53.192134857177734,131.13401794433594,51.971431732177734,53.333335876464844,264.0,1.0
1.056,207540.703125,204839.359375,214915.25,709019.25,213897.796875,123825.71875,183153.328125,200014.6875,-0.045166015625,0.927001953125,-0.32666015625,54.321285247802734,132.11058044433594,50.201412200927734,53.333335876464844,265.0,1.0
1.06,207548.5625,204919.640625,214919.8125,708905.5625,213894.40625,123751.15625,183169.0625,200017.359375,-0.048828125,0.933837890625,-0.333740234375,56.304927825927734,132.65989685058594,48.980709075927734,53.333335876464844,266.0,1.0
1.064,207550.265625,204912.125,214921.875,708736.8125,213895.75,123756.1640625,183183.109375,200061.359375,-0.051513671875,0.9375,-0.327880859375,57.617183685302734,132.84300231933594,47.637935638427734,53.333335876464844,267.0,1.0
1.068,207583.34375,204987.953125,214954.328125,708639.125,213932.40625,123792.1953125,183200.359375,200077.984375,-0.051513671875,0.9326171875,-0.3271484375,58.013912200927734,132.78196716308594,45.562740325927734,53.333335876464844,268.0,1.0
1.072,207544.890625,205072.4375,214909.796875,708481.875,213892.53125,123763.4921875,183178.453125,200044.015625,-0.049072265625,0.92822265625,-0.325439453125,58.990474700927734,132.08006286621094,43.792720794677734,53.333335876464844,269.0,1.0
1.076,207559.03125,205058.125,214931.078125,708279.25,213901.203125,123790.046875,183156.375,200073.875,-0.0439453125,0.92626953125,-0.3271484375,60.241695404052734,132.04954528808594,41.839595794677734,53.333335876464844,270.0,1.0
1.08,207510.5625,205013.703125,214861.875,708074.25,213848.359375,123713.421875,183170.5,199941.109375,-0.034423828125,0.927734375,-0.32861328125,60.791011810302734,132.35472106933594,39.672847747802734,53.333335876464844,271.0,1.0
1.084,207531.3125,205073.234375,214882.796875,707957.625,213864.453125,123750.078125,183181.40625,200019.78125,-0.02587890625,0.930908203125,-0.335693359375,61.065670013427734,132.08006286621094,37.445064544677734,53.333335876464844,272.0,1.0
1.088,207550.0,205177.578125,214899.78125,707835.8125,213884.75,123760.09375,183196.34375,200038.46875,-0.023193359375,0.935302734375,-0.340087890625,61.248775482177734,131.77488708496094,35.064693450927734,53.333335876464844,273.0,1.0
1.092,207561.96875,205270.296875,214920.796875,707723.9375,213906.03125,123763.40625,183197.671875,200066.984375,-0.019287109375,0.9482421875,-0.345703125,61.737056732177734,131.40867614746094,32.958980560302734,53.333335876464844,274.0,1.0
1.096,207555.890625,205304.1875,214913.734375,707598.125,213912.734375,123828.3125,183192.765625,200045.53125,-0.013916015625,0.961181640625,-0.352783203125,61.676021575927734,130.92039489746094,30.731199264526367,53.333335876464844,275.0,1.0
1.1,207519.6875,205300.875,214866.796875,707423.0625,213863.109375,123735.7734375,183202.78125,200022.46875,-0.008056640625,0.974365234375,-0.362060546875,60.882564544677734,130.46263122558594,28.320310592651367,53.333335876464844,276.0,1.0
1.104,207533.359375,205357.015625,214882.34375,707277.6875,213870.703125,123738.0078125,183186.0625,200034.171875,-0.003662109375,0.982421875,-0.36962890625,60.028072357177734,130.43211364746094,26.092527389526367,53.333335876464844,277.0,1.0
1.108,207550.359375,205437.75,214900.671875,707152.1875,213894.3125,123785.84375,183193.203125,200045.53125,-0.0029296875,0.989013671875,-0.36865234375,59.326168060302734,129.88279724121094,24.108884811401367,53.333335876464844,278.0,1.0
1.112,207565.28125,205470.5625,214918.734375,707035.625,213910.234375,123772.5234375,183200.625,200049.828125,0.001220703125,0.993896484375,-0.370361328125,57.678218841552734,129.11985778808594,22.216794967651367,53.333335876464844,279.0,1.0
1.116,207539.0,205464.9375,214890.484375,706872.4375,213894.9375,123755.4453125,183183.1875,200056.890625,0.003662109375,0.994140625,-0.37744140625,56.488033294677734,128.41795349121094,20.355222702026367,53.333335876464844,280.0,1.0
1.12,207523.4375,205527.25,214869.203125,706725.625,213877.5,123747.21875,183184.625,200011.375,0.004638671875,0.998046875,-0.38671875,55.480953216552734,128.23484802246094,18.676755905151367,53.333335876464844,281.0,1.0
1.124,207528.171875,205644.46875,214867.859375,706614.75,213884.125,123758.75,183188.5625,200026.03125,0.001220703125,1.000244140625,-0.395263671875,54.779048919677734,128.50950622558594,17.120359420776367,53.333335876464844,282.0,1.0
1.128,207549.640625,205687.640625,214887.171875,706483.0625,213892.609375,123779.140625,183207.25,200005.46875,-0.00927734375,1.00390625,-0.390625,54.016109466552734,127.89916229248047,15.594481468200684,53.333335876464844,283.0,1.0
1.132,207583.15625,205689.609375,214926.34375,706368.0625,213934.015625,123815.5234375,183212.703125,200067.609375,-0.015625,1.006591796875,-0.3916015625,52.093502044677734,126.98363494873047,13.763426780700684,53.333335876464844,284.0,1.0
1.136,207541.234375,205676.828125,214879.21875,706180.6875,213890.203125,123757.234375,183204.5625,200038.90625,-0.013671875,1.006591796875,-0.387939453125,50.323482513427734,125.70189666748047,11.871336936950684,53.333335876464844,285.0,1.0
1.14,207518.078125,205729.75,214849.8125,706033.875,213864.8125,123724.5078125,183209.125,200021.03125,-0.007080078125,1.010009765625,-0.380615234375,48.767086029052734,124.42015838623047,10.467528343200684,53.333335876464844,286.0,1.0
1.144,207519.0625,205753.0,214849.265625,705907.5625,213865.609375,123699.296875,183199.46875,200034.71875,0.00830078125,1.010009765625,-0.386474609375,45.837398529052734,123.99291229248047,8.239745140075684,53.333335876464844,287.0,1.0
1.148,207526.84375,205717.515625,214859.546875,705758.9375,213872.046875,123728.265625,183183.640625,200014.6875,0.02783203125,1.003173828125,-0.4033203125,43.457027435302734,123.99291229248047,5.279540538787842,53.333335876464844,288.0,1.0
1.152,207512.0,205718.140625,214842.203125,705604.75,213863.109375,123770.9140625,183188.109375,199973.375,0.033203125,1.00732421875,-0.4072265625,42.785640716552734,123.53514862060547,3.875732183456421,53.333335876464844,289.0,1.0
1.156,207532.828125,205833.46875,214865.453125,705533.75,213886.453125,123726.75,183195.171875,200018.703125,0.041748046875,1.01611328125,-0.411865234375,40.863033294677734,122.89427947998047,2.380370855331421,53.333335876464844,290.0,1.0
1.16,207498.9375,205823.71875,214827.640625,705364.6875,213852.296875,123729.25,183189.90625,199948.515625,0.05224609375,1.02099609375,-0.413330078125,39.062496185302734,122.22289276123047,0.7019042372703552,53.333335876464844,291.0,1.0
1.164,207513.6875,205785.1875,214841.765625,705218.75,213863.921875,123720.3125,183208.140625,200018.078125,0.06103515625,1.02880859375,-0.411865234375,37.536617279052734,121.94823455810547,-0.4577636420726776,53.333335876464844,292.0,1.0
1.168,207542.9375,205782.421875,214869.75,705104.4375,213893.421875,123759.46875,183212.15625,200037.65625,0.072509765625,1.036865234375,-0.410400390625,35.247798919677734,122.52806854248047,-1.6784666776657104,53.333335876464844,293.0,1.0
1.172,207543.921875,205840.796875,214870.8125,704999.4375,213901.828125,123796.6640625,183213.59375,200004.84375,0.0810546875,1.036376953125,-0.4091796875,33.050533294677734,122.52806854248047,-2.655029058456421,53.333335876464844,294.0,1.0
1.176,207540.421875,205874.953125,214868.765625,704878.5,213905.3125,123787.453125,183211.453125,200052.5,0.0908203125,1.033447265625,-0.40576171875,30.883787155151367,122.55858612060547,-3.387450933456421,53.333335876464844,295.0,1.0
1.18,207523.796875,205803.25,214846.234375,704714.75,213877.5,123729.4296875,183219.3125,199989.296875,0.1015625,1.02783203125,-0.4072265625,28.442380905151367,122.83324432373047,-4.211425304412842,53.333335876464844,296.0,1.0
1.184,207545.796875,205786.625,214867.421875,704583.8125,213897.078125,123739.796875,183229.859375,200032.65625,0.105224609375,1.019775390625,-0.40087890625,26.763914108276367,122.71117401123047,-4.547118663787842,53.333335876464844,297.0,1.0
1.188,207539.171875,205830.609375,214862.234375,704460.9375,213903.609375,123756.0703125,183233.171875,200058.578125,0.109619140625,1.014404296875,-0.40576171875,24.566648483276367,122.92479705810547,-4.760741710662842,53.333335876464844,298.0,1.0
1.192,207545.34375,205837.40625,214868.3125,704330.5625,213910.671875,123785.3984375,183252.21875,200077.53125,0.114013671875,1.00537109375,-0.4150390625,21.728513717651367,123.84032440185547,-5.371093273162842,53.333335876464844,299.0,1.0
1.196,207520.40625,205768.921875,214842.390625,704169.9375,213891.0,123792.4609375,183242.65625,200011.90625,0.110595703125,0.98779296875,-0.42431640625,19.714353561401367,124.78636932373047,-6.011962413787842,53.333335876464844,300.0,1.0
1.2,207517.09375,205731.09375,214833.0,704031.8125,213875.265625,123741.140625,183212.15625,199992.78125,0.10400390625,0.974853515625,-0.427734375,18.554685592651367,125.36620330810547,-6.347655773162842,53.333335876464844,301.0,1.0
1.204,207555.265625,205774.109375,214880.296875,703950.3125,213917.65625,123764.3828125,183213.40625,200038.734375,0.0947265625,0.964599609375,-0.426025390625,17.547605514526367,125.33568572998047,-6.469726085662842,53.333335876464844,302.0,1.0
1.208,207550.53125,205819.609375,214872.25,703839.1875,213922.203125,123805.0703125,183230.046875,200048.921875,0.092529296875,0.951416015625,-0.422607421875,16.479490280151367,124.81688690185547,-6.683349132537842,53.333335876464844,303.0,1.0
1.212,207512.0,205779.46875,214821.375,703649.5,213872.5,123744.4453125,183235.234375,200006.90625,0.097412109375,0.943603515625,-0.42431640625,15.380858421325684,124.60326385498047,-7.171630382537842,53.333335876464844,304.0,1.0
1.216,207519.953125,205751.75,214832.8125,703508.375,213882.0625,123740.0703125,183242.828125,200004.765625,0.101318359375,0.941650390625,-0.41943359375,14.862059593200684,124.42015838623047,-7.568358898162842,53.333335876464844,305.0,1.0
1.22,207507.703125,205806.296875,214818.25,703393.25,213873.75,123731.5703125,183221.109375,199967.03125,0.099365234375,0.9443359375,-0.4130859375,14.526366233825684,124.02342987060547,-7.904052257537842,53.333335876464844,306.0,1.0
1.224,207501.53125,205899.71875,214813.328125,703286.75,213872.5,123742.03125,183232.453125,199990.546875,0.098388671875,0.946533203125,-0.411376953125,14.160155296325684,123.77928924560547,-8.117674827575684,53.333335876464844,307.0,1.0
1.228,207528.265625,205936.109375,214840.328125,703174.1875,213896.90625,123763.40625,183242.65625,200009.953125,0.097900390625,0.946533203125,-0.4091796875,13.214110374450684,123.16893768310547,-8.392333030700684,53.333335876464844,308.0,1.0
1.232,207524.609375,206002.625,214828.265625,703070.6875,213892.890625,123757.4140625,183227.0,200040.171875,0.09716796875,0.948486328125,-0.409912109375,12.298583030700684,122.55858612060547,-8.697508811950684,53.333335876464844,309.0,1.0
1.236,207528.890625,206131.90625,214831.65625,702983.6875,213900.03125,123764.7421875,183234.328125,200038.109375,0.101318359375,0.948486328125,-0.412841796875,11.444090843200684,122.00926971435547,-8.819579124450684,53.333335876464844,310.0,1.0
1.24,207541.140625,206275.671875,214844.171875,702903.0,213904.953125,123770.2890625,183241.484375,199989.65625,0.11181640625,0.95166015625,-0.412109375,9.887694358825684,121.18529510498047,-8.880614280700684,53.333335876464844,311.0,1.0
1.244,207561.34375,206362.84375,214866.25,702804.4375,213926.859375,123765.7265625,183235.046875,200049.828125,0.116455078125,0.947509765625,-0.405029296875,8.911131858825684,120.42235565185547,-8.850096702575684,53.333335876464844,312.0,1.0
1.248,207555.53125,206428.921875,214855.96875,702684.4375,213928.90625,123778.421875,183237.28125,200020.765625,0.119384765625,0.944580078125,-0.39697265625,8.148192405700684,119.29320526123047,-8.544920921325684,53.333335876464844,313.0,1.0
1.252,207505.46875,206525.03125,214795.265625,702554.0625,213878.75,123729.7890625,183221.8125,199947.890625,0.121337890625,0.93994140625,-0.3955078125,6.866454601287842,118.43871307373047,-8.392333030700684,53.333335876464844,314.0,1.0
1.256,207491.34375,206663.875,214777.46875,702451.5,213855.953125,123704.75,183235.234375,199971.765625,0.127685546875,0.93505859375,-0.402099609375,5.706786632537842,118.10301971435547,-8.453368186950684,53.333335876464844,315.0,1.0
1.26,207505.640625,206742.734375,214798.046875,702337.625,213871.0625,123711.3671875,183224.328125,200005.46875,0.12744140625,0.927001953125,-0.407958984375,5.157470226287842,117.91991424560547,-8.422850608825684,53.333335876464844,316.0,1.0
1.264,207517.890625,206795.3125,214810.640625,702220.25,213893.328125,123749.9921875,183231.828125,199965.875,0.124267578125,0.91943359375,-0.41162109375,4.516601085662842,118.01146697998047,-8.666991233825684,53.333335876464844,317.0,1.0
1.268,207507.609375,206850.390625,214792.578125,702091.6875,213879.65625,123753.8359375,183241.046875,199985.0,0.11962890625,0.91845703125,-0.415771484375,4.150390148162842,117.73680877685547,-8.819579124450684,53.333335876464844,318.0,1.0
1.272,207527.015625,206950.34375,214811.71875,701996.25,213901.015625,123785.3984375,183231.296875,200024.25,0.120849609375,0.91748046875,-0.41357421875,4.058837413787842,116.91283416748047,-8.819579124450684,53.333335876464844,319.0,1.0
1.276,207514.765625,206989.046875,214797.234375,701859.1875,213887.703125,123712.3515625,183239.4375,200050.796875,0.12841796875,0.921875,-0.41259765625,3.875732183456421,116.14989471435547,-8.728026390075684,53.333335876464844,320.0,1.0
1.28,207497.6875,206980.109375,214781.3125,701716.3125,213876.96875,123706.6328125,183225.390625,199984.28125,0.137939453125,0.927001953125,-0.410888671875,3.784179449081421,115.41747283935547,-8.758543968200684,53.333335876464844,321.0,1.0
1.284,207515.03125,207015.515625,214794.28125,701608.0625,213884.203125,123732.6484375,183237.375,199977.40625,0.14111328125,0.93408203125,-0.407958984375,3.387450933456421,114.92919158935547,-8.697508811950684,53.333335876464844,322.0,1.0
1.288,207541.046875,207105.28125,214818.6875,701521.0625,213910.046875,123744.2734375,183251.328125,200006.09375,0.1435546875,0.943359375,-0.4052734375,2.838134527206421,114.31884002685547,-8.575438499450684,53.333335876464844,323.0,1.0
1.292,207542.3125,207176.1875,214821.109375,701413.4375,213919.703125,123773.1484375,183248.640625,200020.046875,0.142333984375,0.94677734375,-0.393798828125,2.075195074081421,113.67797088623047,-8.453368186950684,53.333335876464844,324.0,1.0
1.296,207511.8125,207183.609375,214788.203125,701279.25,213891.625,123736.046875,183243.1875,199969.171875,0.139892578125,0.94775390625,-0.388916015625,0.9765624403953552,112.97606658935547,-8.270262718200684,53.333335876464844,325.0,1.0
1.3,207498.234375,207188.4375,214773.546875,701140.125,213868.921875,123712.7109375,183253.46875,199975.796875,0.137939453125,0.945556640625,-0.38818359375,-0.1525878757238388,112.39623260498047,-8.270262718200684,53.333335876464844,326.0,1.0
1.304,207499.65625,207267.296875,214774.25,701037.3125,213875.453125,123738.1015625,183233.4375,200011.203125,0.140869140625,0.944580078125,-0.390625,-1.0681151151657104,111.51122283935547,-8.087157249450684,53.333335876464844,327.0,1.0
1.308,207516.5625,207363.140625,214788.5625,700943.6875,213885.640625,123719.59375,183231.46875,199996.53125,0.13623046875,0.945068359375,-0.3935546875,-1.8615721464157104,110.62621307373047,-7.934569835662842,53.333335876464844,328.0,1.0
1.312,207557.6875,207417.140625,214831.390625,700861.5,213916.3125,123742.5703125,183237.46875,199984.734375,0.135986328125,0.944580078125,-0.39404296875,-2.288818120956421,110.19896697998047,-7.812499523162842,53.333335876464844,329.0,1.0
1.316,207575.203125,207462.734375,214846.9375,700769.4375,213932.125,123735.0625,183221.8125,200022.109375,0.13671875,0.9423828125,-0.39794921875,-2.899169683456421,109.03929901123047,-7.476806163787842,53.333335876464844,330.0,1.0
1.32,207509.9375,207514.953125,214766.5625,700617.1875,213868.296875,123722.09375,183230.9375,199963.984375,0.138427734375,0.94091796875,-0.3935546875,-3.509521245956421,107.78807830810547,-7.110595226287842,53.333335876464844,331.0,1.0
1.324,207515.21875,207593.171875,214770.234375,700499.4375,213866.953125,123742.9296875,183243.546875,199976.59375,0.1416015625,0.941162109375,-0.39111328125,-4.241942882537842,106.41478729248047,-6.530761241912842,53.333335876464844,332.0,1.0
1.328,207539.09375,207665.234375,214801.265625,700411.5,213898.875,123746.953125,183230.578125,200014.953125,0.146484375,0.9384765625,-0.385009765625,-5.340575695037842,105.10253143310547,-6.347655773162842,53.333335876464844,333.0,1.0
1.332,207521.109375,207714.953125,214784.0,700300.1875,213891.453125,123750.9765625,183218.421875,199985.8125,0.1474609375,0.93310546875,-0.38623046875,-6.378173351287842,104.06493377685547,-6.072997570037842,53.333335876464844,334.0,1.0
1.336,207540.703125,207836.28125,214803.671875,700234.9375,213908.53125,123746.859375,183248.90625,200028.90625,0.15087890625,0.926025390625,-0.3857421875,-6.927489757537842,102.99681854248047,-5.767821788787842,53.333335876464844,335.0,1.0
1.34,207539.09375,207946.96875,214801.171875,700146.0,213905.484375,123746.59375,183248.46875,199954.609375,0.14697265625,0.92041015625,-0.38671875,-7.293700695037842,101.59300994873047,-5.340575695037842,53.333335876464844,336.0,1.0
1.344,207512.625,208028.234375,214777.828125,700029.5,213892.96875,123727.1015625,183232.71875,199971.5,0.144287109375,0.918701171875,-0.38623046875,-7.812499523162842,100.21971893310547,-5.096435070037842,53.333335876464844,337.0,1.0
1.348,207511.453125,208115.671875,214777.03125,699933.125,213893.15625,123704.6640625,183245.25,200010.390625,0.142822265625,0.918701171875,-0.38916015625,-8.300780296325684,99.02953338623047,-5.187987804412842,53.333335876464844,338.0,1.0
1.352,207533.1875,208227.4375,214803.40625,699858.25,213927.84375,123765.9921875,183262.9375,200019.6875,0.13916015625,0.919921875,-0.3896484375,-8.666991233825684,98.11400604248047,-5.187987804412842,53.333335876464844,339.0,1.0
1.356,207539.71875,208353.046875,214806.359375,699772.25,213942.5,123805.2421875,183289.140625,200039.546875,0.132568359375,0.925537109375,-0.386474609375,-8.758543968200684,96.64916229248047,-5.157470226287842,53.333335876464844,340.0,1.0
1.36,207507.4375,208433.78125,214763.53125,699643.625,213908.078125,123778.0625,183275.734375,199980.53125,0.12939453125,0.927490234375,-0.379150390625,-8.972167015075684,94.81810760498047,-4.974364757537842,53.333335876464844,341.0,1.0
1.364,207513.15625,208470.890625,214768.0,699519.9375,213900.921875,123757.1484375,183252.3125,199993.3125,0.12939453125,0.9326171875,-0.37158203125,-9.613036155700684,93.04808807373047,-4.760741710662842,53.333335876464844,342.0,1.0
1.368,207519.78125,208507.71875,214769.515625,699400.25,213899.140625,123739.9765625,183226.109375,199999.75,0.13037109375,0.928466796875,-0.361328125,-10.375975608825684,91.40013885498047,-4.486083507537842,53.333335876464844,343.0,1.0
1.372,207529.703125,208579.34375,214776.671875,699299.3125,213901.734375,123778.9609375,183224.59375,199947.71875,0.1328125,0.920166015625,-0.3583984375,-11.322020530700684,89.66063690185547,-4.302978038787842,53.333335876464844,344.0,1.0
1.376,207539.625,208634.046875,214790.34375,699200.75,213912.015625,123761.796875,183230.40625,199992.875,0.134033203125,0.91162109375,-0.358154296875,-11.840819358825684,88.01268768310547,-4.089354991912842,53.333335876464844,345.0,1.0
1.38,207554.640625,208657.296875,214808.234375,699104.6875,213929.890625,123758.3046875,183241.9375,200003.78125,0.134033203125,0.904296875,-0.35595703125,-11.932372093200684,86.12059783935547,-4.119872570037842,53.333335876464844,346.0,1.0
1.384,207548.109375,208663.375,214794.734375,698981.0,213919.53125,123775.3828125,183232.1875,199987.234375,0.133056640625,0.9052734375,-0.35791015625,-11.749266624450684,84.22850799560547,-3.997802495956421,53.333335876464844,347.0,1.0
1.388,207535.0625,208721.5,214772.640625,698870.75,213901.375,123744.71875,183238.171875,199952.1875,0.12646484375,0.90771484375,-0.35498046875,-11.505125999450684,82.36693572998047,-3.875732183456421,53.333335876464844,348.0,1.0
1.392,207529.15625,208748.859375,214769.25,698752.125,213894.046875,123766.0859375,183209.125,199971.765625,0.120849609375,0.91650390625,-0.34814453125,-11.230467796325684,80.35277557373047,-3.997802495956421,53.333335876464844,349.0,1.0
1.396,207501.625,208746.078125,214733.671875,698623.75,213858.28125,123706.8046875,183237.734375,199945.578125,0.1162109375,0.9248046875,-0.343994140625,-11.199950218200684,78.24706268310547,-3.936767339706421,53.333335876464844,350.0,1.0
1.4,207506.625,208717.734375,214744.578125,698485.6875,213872.5,123780.3046875,183247.484375,199995.28125,0.1181640625,0.931884765625,-0.34033203125,-11.291502952575684,75.86669158935547,-3.875732183456421,53.333335876464844,351.0,1.0
1.404,207525.046875,208752.609375,214757.453125,698401.5,213889.03125,123747.578125,183253.734375,199982.765625,0.119384765625,0.9384765625,-0.335205078125,-11.413573265075684,73.48632049560547,-3.601073980331421,53.333335876464844,352.0,1.0
1.408,207550.171875,208773.625,214785.4375,698315.4375,213907.640625,123755.890625,183252.75,200034.625,0.11962890625,0.94189453125,-0.32373046875,-11.779784202575684,71.35009002685547,-3.417968511581421,53.333335876464844,353.0,1.0
1.412,207534.265625,208718.453125,214774.171875,698179.1875,213902.359375,123759.0234375,183242.03125,199992.328125,0.123291015625,0.946533203125,-0.31982421875,-12.481688499450684,69.12230682373047,-2.990722417831421,53.333335876464844,354.0,1.0
1.416,207479.625,208637.0,214713.1875,697994.25,213852.203125,123746.7734375,183221.375,199919.734375,0.12548828125,0.945068359375,-0.314697265625,-13.244627952575684,66.83348846435547,-2.593993902206421,53.333335876464844,355.0,1.0
1.42,207507.96875,208636.375,214740.375,697891.5625,213867.9375,123734.1640625,183229.328125,199969.796875,0.126220703125,0.940185546875,-0.315185546875,-13.793944358825684,64.48363494873047,-2.166747808456421,53.333335876464844,356.0,1.0
1.424,207519.953125,208654.4375,214753.25,697809.1875,213886.796875,123735.5078125,183224.953125,199983.21875,0.127197265625,0.93701171875,-0.316162109375,-13.946532249450684,62.286373138427734,-1.6784666776657104,53.333335876464844,357.0,1.0
1.428,207502.421875,208622.96875,214733.484375,697678.875,213864.90625,123741.6796875,183237.46875,199938.859375,0.125732421875,0.93603515625,-0.318603515625,-14.099120140075684,60.058589935302734,-1.1291502714157104,53.333335876464844,358.0,1.0
1.432,207514.046875,208574.6875,214745.734375,697561.75,213871.25,123725.3125,183224.671875,199961.671875,0.127685546875,0.93505859375,-0.318603515625,-14.099120140075684,57.769771575927734,-0.5798339247703552,53.333335876464844,359.0,1.0
1.436,207515.75,208575.21875,214741.890625,697469.5625,213872.5,123736.3125,183229.78125,199961.3125,0.13037109375,0.9404296875,-0.318115234375,-13.977049827575684,55.541988372802734,0.0915527269244194,53.333335876464844,360.0,1.0
1.44,207512.625,208578.53125,214738.671875,697363.8125,213874.375,123749.7265625,183225.125,199969.625,0.134033203125,0.94921875,-0.318359375,-13.946532249450684,53.131099700927734,0.8544921278953552,53.333335876464844,361.0,1.0
1.444,207491.078125,208509.421875,214720.875,697220.9375,213850.953125,123733.5390625,183217.34375,199939.3125,0.136962890625,0.956787109375,-0.31103515625,-14.129637718200684,50.872798919677734,1.7395018339157104,53.333335876464844,362.0,1.0
1.448,207514.046875,208435.484375,214751.28125,697104.5625,213880.546875,123757.5,183223.515625,200001.265625,0.13916015625,0.962890625,-0.306640625,-14.465331077575684,48.553462982177734,2.655029058456421,53.333335876464844,363.0,1.0
1.452,207558.046875,208446.484375,214796.25,697045.8125,213923.28125,123781.375,183245.515625,199965.15625,0.14501953125,0.970458984375,-0.30078125,-15.167235374450684,46.295162200927734,3.662109136581421,53.333335876464844,364.0,1.0
1.456,207529.78125,208491.8125,214763.078125,696966.75,213900.484375,123755.984375,183234.15625,199973.109375,0.148681640625,0.97509765625,-0.292724609375,-16.082761764526367,44.158931732177734,4.821776866912842,53.333335876464844,365.0,1.0
1.46,207491.34375,208483.578125,214723.734375,696824.8125,213866.0625,123742.6640625,183234.25,199955.9375,0.15380859375,0.97314453125,-0.290283203125,-17.089841842651367,42.144771575927734,5.920409679412842,53.333335876464844,366.0,1.0
1.464,207496.34375,208447.8125,214735.8125,696694.1875,213877.140625,123775.203125,183227.453125,199963.71875,0.155517578125,0.970947265625,-0.287353515625,-18.035886764526367,40.191646575927734,7.019042491912842,53.333335876464844,367.0,1.0
1.468,207504.9375,208473.484375,214743.59375,696616.8125,213895.390625,123744.0,183221.546875,200003.78125,0.157470703125,0.968505859375,-0.289794921875,-18.920896530151367,38.146968841552734,8.026122093200684,53.333335876464844,368.0,1.0
1.472,207489.015625,208532.671875,214718.109375,696542.625,213877.859375,123718.0703125,183244.53125,199976.6875,0.158203125,0.967529296875,-0.29443359375,-19.714353561401367,36.193843841552734,9.002684593200684,53.333335876464844,369.0,1.0
1.476,207520.125,208555.28125,214752.796875,696448.75,213897.890625,123733.453125,183233.265625,200013.609375,0.158447265625,0.969482421875,-0.2958984375,-20.355222702026367,34.088130950927734,9.979247093200684,53.333335876464844,370.0,1.0
1.48,207477.75,208542.765625,214705.859375,696318.1875,213871.25,123737.1171875,183232.71875,199899.890625,0.154541015625,0.972900390625,-0.294189453125,-20.996091842651367,31.829832077026367,10.894774436950684,53.333335876464844,371.0,1.0
1.484,207431.703125,208499.765625,214647.65625,696148.75,213811.875,123695.71875,183221.546875,199906.5,0.15087890625,0.973388671875,-0.285888671875,-22.430418014526367,28.137205123901367,12.329100608825684,53.333335876464844,372.0,1.0
1.488,207446.1875,208522.5625,214658.921875,696056.25,213824.484375,123710.5625,183213.140625,199936.1875,0.1494140625,0.9716796875,-0.28173828125,-23.712156295776367,25.634763717651367,13.214110374450684,53.333335876464844,373.0,1.0
1.492,207497.59375,208591.3125,214712.03125,696011.1875,213865.078125,123740.15625,183223.34375,199959.25,0.15185546875,0.96923828125,-0.279052734375,-25.054929733276367,23.284910202026367,14.221190452575684,53.333335876464844,374.0,1.0
1.496,207542.75,208588.640625,214763.34375,695929.75,213905.578125,123783.875,183218.0625,199986.875,0.1552734375,0.967529296875,-0.277099609375,-26.550291061401367,20.874021530151367,15.258788108825684,53.333335876464844,375.0,1.0
1.5,207506.0,208560.65625,214714.09375,695793.5,213868.46875,123734.8828125,183216.90625,199969.4375,0.1591796875,0.964599609375,-0.27734375,-27.801511764526367,18.402097702026367,16.143796920776367,53.333335876464844,376.0,1.0
1.504,207553.75,208611.171875,214757.71875,695725.25,213904.234375,123774.671875,183230.125,199995.109375,0.162109375,0.963623046875,-0.279052734375,-29.174802780151367,15.930174827575684,17.120359420776367,53.333335876464844,377.0,1.0
1.508,207518.796875,208652.203125,214716.765625,695638.0625,213873.296875,123717.09375,183235.046875,199920.53125,0.16796875,0.963623046875,-0.2802734375,-30.548093795776367,13.305663108825684,18.127439498901367,53.333335876464844,378.0,1.0
1.512,207539.984375,208633.34375,214744.3125,695540.0,213889.578125,123738.90625,183231.03125,199990.546875,0.169921875,0.9638671875,-0.276611328125,-31.921384811401367,10.894774436950684,19.073484420776367,53.333335876464844,379.0,1.0
1.516,207509.578125,208560.828125,214710.0625,695381.6875,213867.21875,123719.0546875,183210.90625,199967.484375,0.1728515625,0.967041015625,-0.27099609375,-33.416744232177734,8.422850608825684,20.019529342651367,53.333335876464844,380.0,1.0
1.52,207511.640625,208578.0,214707.109375,695300.5,213868.03125,123735.5078125,183214.578125,199950.765625,0.17236328125,0.97412109375,-0.27001953125,-34.759517669677734,5.798339366912842,20.996091842651367,53.333335876464844,381.0,1.0
1.524,207499.84375,208593.109375,214689.671875,695203.75,213851.3125,123726.65625,183216.8125,199920.890625,0.16796875,0.986083984375,-0.266357421875,-36.163326263427734,3.234863042831421,21.820066452026367,53.333335876464844,382.0,1.0
1.528,207509.140625,208598.375,214702.28125,695113.6875,213865.34375,123745.34375,183234.0625,199912.046875,0.1669921875,1.000732421875,-0.263916015625,-37.811275482177734,0.4577636420726776,22.644041061401367,53.333335876464844,383.0,1.0
1.532,207509.046875,208581.75,214703.359375,695014.1875,213867.40625,123731.75,183240.0625,199951.203125,0.17041015625,1.009521484375,-0.259521484375,-39.733882904052734,-2.227782964706421,23.620603561401367,53.333335876464844,384.0,1.0
1.536,207538.015625,208540.265625,214736.703125,694917.4375,213887.078125,123751.421875,183221.8125,199962.5625,0.171875,1.012939453125,-0.249267578125,-41.839595794677734,-5.035399913787842,24.658201217651367,53.333335876464844,385.0,1.0
1.54,207562.875,208543.21875,214765.234375,694861.5625,213914.703125,123763.671875,183181.046875,199997.515625,0.177490234375,1.00927734375,-0.23876953125,-44.372554779052734,-7.781981945037842,25.787351608276367,53.333335876464844,386.0,1.0
1.544,207443.953125,208439.234375,214628.53125,694650.5,213806.0625,123713.6015625,183162.359375,199848.921875,0.1806640625,0.999267578125,-0.233154296875,-46.905513763427734,-10.498045921325684,26.885984420776367,53.333335876464844,387.0,1.0
1.548,207474.53125,208446.484375,214656.15625,694574.0625,213828.875,123662.90625,183224.671875,199931.171875,0.1767578125,0.983154296875,-0.2275390625,-49.163814544677734,-13.153075218200684,27.801511764526367,53.333335876464844,388.0,1.0
1.552,207493.84375,208406.875,214684.5,694477.6875,213857.828125,123724.78125,183236.125,199936.09375,0.16748046875,0.9677734375,-0.22802734375,-50.842281341552734,-16.021726608276367,28.778074264526367,53.333335876464844,389.0,1.0
